a21,c22,1.827084703646861e-05
a21,c793,0.26834393042461446
a21,c2652,0.4419717898121757
a21,c5108,0.17275085872981072
a21,c40527,0.0070342761090404155
a21,c364,0.0062120879923993275
a21,c60851,0.016900533508733464
a21,c48572,1.827084703646861e-05
a21,c100293,0.005883212745742892
a21,c110138,0.0001644376233282175
a21,c125128,0.007545859826061536
a21,c129893,1.827084703646861e-05
a21,c21912,0.011072133304099977
a21,c69666,0.001735730468464518
a21,c194999,0.0014251260688445517
a21,c238557,0.0012424175984798655
a21,c12335,0.00025579185851056055
a21,c265385,0.0019367097858656727
a21,c266173,3.654169407293722e-05
a21,c55716,1.827084703646861e-05
a21,c104294,0.0006029379522034642
a21,c15013,0.0004019586348023094
a21,c5356,0.00042022948183877807
a21,c9133,9.135423518234305e-05
a21,c430192,1.827084703646861e-05
a21,c433874,0.000328875246656435
a21,c117476,0.0009866257399693049
a21,c471724,0.0034531900898925674
a21,c12854,0.0035445443250749103
a21,c530257,0.0009318131988598991
a21,c548754,0.0010597091281151793
a21,c573341,9.135423518234305e-05
a21,c367582,9.135423518234305e-05
a21,c24981,0.00021925016443762334
a21,c606649,9.135423518234305e-05
a21,c606681,0.00014616677629174888
a21,c81103,0.00029233355258349777
a21,c456042,3.654169407293722e-05
a21,c639961,0.00010962508221881167
a21,c5860,0.00027406270554702916
a21,c650878,3.654169407293722e-05
a21,c665821,1.827084703646861e-05
a21,c221489,0.0013337718336622086
a21,c733186,1.827084703646861e-05
a21,c286402,0.00023752101147409195
a21,c769005,1.827084703646861e-05
a21,c4981,0.0003471460936929036
a21,c813319,3.654169407293722e-05
a21,c307107,3.654169407293722e-05
a21,c800779,0.0002009793174011547
a21,c776201,0.0008952715047869619
a21,c470501,0.0003106043996199664
a21,c240165,7.308338814587444e-05
a21,c950062,0.0014799386099539574
a21,c961622,0.0001827084703646861
a21,c974956,0.00012789592925528028
a21,c990067,1.827084703646861e-05
a21,c606644,1.827084703646861e-05
a21,c16043,0.00014616677629174888
a21,c1029477,0.00027406270554702916
a21,c110151,0.0012424175984798655
a21,c213379,5.4812541109405835e-05
a21,c1149382,7.308338814587444e-05
a21,c1197212,5.4812541109405835e-05
a21,c74765,0.00042022948183877807
a21,c581677,0.00025579185851056055
a21,c126910,0.0001644376233282175
a21,c29669,0.0004019586348023094
a21,c1291961,5.4812541109405835e-05
a21,c682826,0.0003836877877658408
a21,c256642,9.135423518234305e-05
a21,c1272615,0.0006212087992399327
a21,c1352273,1.827084703646861e-05
a21,c62141,1.827084703646861e-05
a21,c1238178,1.827084703646861e-05
a21,c1425675,0.0004385003288752467
a21,c310306,0.000566396258130527
a21,c80491,1.827084703646861e-05
a21,c1440350,1.827084703646861e-05
a21,c111380,3.654169407293722e-05
a21,c268856,0.006285171380545202
a21,c1092888,7.308338814587444e-05
a21,c135403,0.00021925016443762334
a21,c181164,0.00010962508221881167
a21,c410423,1.827084703646861e-05
a21,c1555847,3.654169407293722e-05
a21,c360804,1.827084703646861e-05
a21,c1569441,0.00131550098662574
a21,c8452,3.654169407293722e-05
a21,c33950,1.827084703646861e-05
a21,c147747,0.00010962508221881167
a21,c820830,0.00010962508221881167
a21,c281292,1.827084703646861e-05
a21,c1511,1.827084703646861e-05
a21,c1641186,1.827084703646861e-05
a21,c1649564,1.827084703646861e-05
a21,c15087,9.135423518234305e-05
a21,c1749789,0.00027406270554702916
a21,c475963,0.0001827084703646861
a21,c25439,0.0003106043996199664
a21,c61617,0.0002009793174011547
a21,c323589,9.135423518234305e-05
a21,c1901589,1.827084703646861e-05
a21,c1961386,1.827084703646861e-05
a21,c2000077,1.827084703646861e-05
a21,c309340,9.135423518234305e-05
a21,c584069,0.000566396258130527
a21,c1375205,0.00027406270554702916
a21,c2049386,0.00014616677629174888
a21,c2066252,1.827084703646861e-05
a21,c2101953,9.135423518234305e-05
a21,c14174,0.00029233355258349777
a21,c2174367,1.827084703646861e-05
a21,c3210,1.827084703646861e-05
a21,c2253439,7.308338814587444e-05
a21,c273,0.0005298545640575897
a21,c89962,0.00023752101147409195
a21,c137314,0.00014616677629174888
a21,c1140,1.827084703646861e-05
a21,c868217,3.654169407293722e-05
a21,c2333743,0.00010962508221881167
a21,c31820,3.654169407293722e-05
a21,c2344186,5.4812541109405835e-05
a21,c2248421,0.0001827084703646861
a21,c1665892,3.654169407293722e-05
a21,c104878,7.308338814587444e-05
a21,c2413317,1.827084703646861e-05
a21,c21821,3.654169407293722e-05
a21,c606715,1.827084703646861e-05
a21,c2573419,0.00023752101147409195
a21,c76462,0.0004019586348023094
a21,c2675585,1.827084703646861e-05
a21,c2713581,1.827084703646861e-05
a21,c2713587,1.827084703646861e-05
a21,c2834005,1.827084703646861e-05
a21,c1189346,1.827084703646861e-05
a21,c518893,1.827084703646861e-05
a21,c2929680,0.00021925016443762334
a21,c609500,0.00012789592925528028
a21,c15787,9.135423518234305e-05
a21,c621272,3.654169407293722e-05
a21,c865458,7.308338814587444e-05
a21,c104414,1.827084703646861e-05
a21,c459476,0.00021925016443762334
a21,c3259637,3.654169407293722e-05
a21,c800923,0.0001827084703646861
a21,c3276291,1.827084703646861e-05
a21,c504645,7.308338814587444e-05
a21,c199849,1.827084703646861e-05
a21,c3364957,7.308338814587444e-05
a21,c3414671,1.827084703646861e-05
a21,c3464204,1.827084703646861e-05
a21,c1584075,5.4812541109405835e-05
a21,c759634,3.654169407293722e-05
a21,c154181,7.308338814587444e-05
a21,c22863,3.654169407293722e-05
a21,c689481,0.00025579185851056055
a21,c35987,0.00021925016443762334
a21,c3557335,1.827084703646861e-05
a21,c3564908,3.654169407293722e-05
a21,c736837,1.827084703646861e-05
a21,c24,7.308338814587444e-05
a21,c3642321,1.827084703646861e-05
a21,c1616665,9.135423518234305e-05
a21,c3682070,1.827084703646861e-05
a21,c3702672,1.827084703646861e-05
a21,c182,3.654169407293722e-05
a21,c102280,1.827084703646861e-05
a21,c592843,7.308338814587444e-05
a21,c682827,0.000328875246656435
a21,c904640,5.4812541109405835e-05
a21,c452935,1.827084703646861e-05
a21,c1407643,0.00010962508221881167
a21,c525400,1.827084703646861e-05
a21,c206790,0.00012789592925528028
a21,c238787,7.308338814587444e-05
a21,c1156183,3.654169407293722e-05
a21,c788588,3.654169407293722e-05
a21,c472801,0.00012789592925528028
a21,c3721,5.4812541109405835e-05
a21,c1096739,7.308338814587444e-05
a21,c241090,0.0002009793174011547
a21,c238702,5.4812541109405835e-05
a21,c149585,0.00010962508221881167
a21,c1319766,1.827084703646861e-05
a21,c3926949,1.827084703646861e-05
a21,c134490,0.0002009793174011547
a21,c197,1.827084703646861e-05
a21,c1376724,3.654169407293722e-05
a21,c3612429,0.00014616677629174888
a21,c588401,5.4812541109405835e-05
a21,c511447,1.827084703646861e-05
a21,c45096,0.00010962508221881167
a21,c9105,3.654169407293722e-05
a21,c181170,1.827084703646861e-05
a21,c4020882,1.827084703646861e-05
a21,c23701,1.827084703646861e-05
a21,c4084137,1.827084703646861e-05
a21,c7497,0.00012789592925528028
a21,c273929,7.308338814587444e-05
a21,c2536173,3.654169407293722e-05
a21,c3394,7.308338814587444e-05
a21,c643865,1.827084703646861e-05
a21,c4205672,1.827084703646861e-05
a21,c161157,5.4812541109405835e-05
a21,c4241628,1.827084703646861e-05
a21,c4249398,1.827084703646861e-05
a21,c4250163,1.827084703646861e-05
a21,c4254297,9.135423518234305e-05
a21,c131349,3.654169407293722e-05
a21,c3819107,1.827084703646861e-05
a21,c656869,3.654169407293722e-05
a21,c1134618,0.0002009793174011547
a21,c112444,1.827084703646861e-05
a21,c4521684,1.827084703646861e-05
a21,c71598,3.654169407293722e-05
a21,c977047,5.4812541109405835e-05
a21,c2218385,1.827084703646861e-05
a21,c4628989,1.827084703646861e-05
a21,c271439,3.654169407293722e-05
a21,c533,1.827084703646861e-05
a21,c1288411,1.827084703646861e-05
a21,c2153018,1.827084703646861e-05
a21,c4692799,1.827084703646861e-05
a21,c4007126,1.827084703646861e-05
a21,c4740030,3.654169407293722e-05
a21,c4755035,1.827084703646861e-05
a21,c4782114,1.827084703646861e-05
a21,c54954,5.4812541109405835e-05
a21,c4785263,1.827084703646861e-05
a21,c3749758,1.827084703646861e-05
a21,c225747,1.827084703646861e-05
a21,c11802,3.654169407293722e-05
a21,c4875571,1.827084703646861e-05
a21,c4878599,1.827084703646861e-05
a21,c3612430,7.308338814587444e-05
a21,c134209,1.827084703646861e-05
a21,c4915252,1.827084703646861e-05
a21,c606729,5.4812541109405835e-05
a21,c3190475,1.827084703646861e-05
a21,c1732736,1.827084703646861e-05
a21,c525583,1.827084703646861e-05
a21,c911885,3.654169407293722e-05
a21,c316911,1.827084703646861e-05
a21,c5032626,1.827084703646861e-05
a21,c832257,3.654169407293722e-05
a21,c2875781,1.827084703646861e-05
a21,c239432,1.827084703646861e-05
a21,c1228218,0.0001827084703646861
a21,c1130017,1.827084703646861e-05
a21,c27483,1.827084703646861e-05
a21,c1233166,5.4812541109405835e-05
a21,c2937764,1.827084703646861e-05
a21,c5120774,1.827084703646861e-05
a21,c4953384,1.827084703646861e-05
a21,c4136808,1.827084703646861e-05
a21,c5155127,1.827084703646861e-05
a21,c5170538,1.827084703646861e-05
a21,c1095335,1.827084703646861e-05
a21,c222909,5.4812541109405835e-05
a21,c1339526,1.827084703646861e-05
a21,c2159247,1.827084703646861e-05
a21,c50139,1.827084703646861e-05
a21,c940949,0.00010962508221881167
a21,c511654,1.827084703646861e-05
a21,c444452,1.827084703646861e-05
a21,c1616664,3.654169407293722e-05
a21,c1092182,3.654169407293722e-05
a21,c113812,5.4812541109405835e-05
a21,c3476953,1.827084703646861e-05
a21,c5260933,1.827084703646861e-05
a21,c5271356,3.654169407293722e-05
a21,c2600299,1.827084703646861e-05
a21,c5320276,0.00025579185851056055
a21,c851702,3.654169407293722e-05
a21,c2103135,1.827084703646861e-05
a21,c2810550,0.00010962508221881167
a21,c3644387,5.4812541109405835e-05
a21,c560937,1.827084703646861e-05
a21,c220892,1.827084703646861e-05
a21,c5373311,3.654169407293722e-05
a21,c1487765,3.654169407293722e-05
a21,c162039,0.00025579185851056055
a21,c3682139,3.654169407293722e-05
a21,c1632363,5.4812541109405835e-05
a21,c3435527,5.4812541109405835e-05
a21,c289320,1.827084703646861e-05
a21,c4014367,1.827084703646861e-05
a21,c992004,1.827084703646861e-05
a21,c796379,3.654169407293722e-05
a21,c3506956,1.827084703646861e-05
a21,c222262,1.827084703646861e-05
a21,c5572320,3.654169407293722e-05
a21,c5586193,1.827084703646861e-05
a21,c1410981,1.827084703646861e-05
a21,c750489,3.654169407293722e-05
a21,c2759137,0.0001827084703646861
a21,c25858,0.00021925016443762334
a21,c5668134,3.654169407293722e-05
a21,c109626,0.0002009793174011547
a21,c606688,5.4812541109405835e-05
a21,c426595,1.827084703646861e-05
a21,c5769333,1.827084703646861e-05
a21,c606731,1.827084703646861e-05
a21,c5799717,1.827084703646861e-05
a21,c5824061,1.827084703646861e-05
a21,c5852455,0.00131550098662574
a21,c1299773,3.654169407293722e-05
a21,c5994331,3.654169407293722e-05
a21,c3316267,1.827084703646861e-05
a21,c6021079,1.827084703646861e-05
a21,c224192,5.4812541109405835e-05
a21,c6037701,3.654169407293722e-05
a21,c6081188,1.827084703646861e-05
a21,c1023370,1.827084703646861e-05
a21,c87368,1.827084703646861e-05
a21,c256383,9.135423518234305e-05
a21,c365802,1.827084703646861e-05
a21,c3535555,3.654169407293722e-05
a21,c6221500,3.654169407293722e-05
a21,c6431875,3.654169407293722e-05
a21,c1155426,0.00010962508221881167
a21,c460249,1.827084703646861e-05
a21,c846390,1.827084703646861e-05
a21,c1083768,5.4812541109405835e-05
a21,c6556022,3.654169407293722e-05
a21,c102552,5.4812541109405835e-05
a21,c13729,1.827084703646861e-05
a21,c974953,9.135423518234305e-05
a21,c4726954,1.827084703646861e-05
a21,c575113,3.654169407293722e-05
a21,c816864,1.827084703646861e-05
a21,c800787,1.827084703646861e-05
a21,c6684054,1.827084703646861e-05
a21,c2826228,1.827084703646861e-05
a21,c3792780,7.308338814587444e-05
a21,c61097,7.308338814587444e-05
a21,c832238,3.654169407293722e-05
a21,c6770668,1.827084703646861e-05
a21,c578430,5.4812541109405835e-05
a21,c2637,0.00023752101147409195
a21,c5107280,7.308338814587444e-05
a21,c6880609,1.827084703646861e-05
a21,c213089,1.827084703646861e-05
a21,c2090976,1.827084703646861e-05
a21,c82477,5.4812541109405835e-05
a21,c426844,3.654169407293722e-05
a21,c6957133,1.827084703646861e-05
a21,c3553279,0.00012789592925528028
a21,c163188,1.827084703646861e-05
a21,c7001369,1.827084703646861e-05
a21,c1612459,0.0001644376233282175
a21,c7023154,1.827084703646861e-05
a21,c683990,1.827084703646861e-05
a21,c7048478,1.827084703646861e-05
a21,c5415664,3.654169407293722e-05
a21,c279086,1.827084703646861e-05
a21,c2418166,1.827084703646861e-05
a21,c7102959,1.827084703646861e-05
a21,c7113435,1.827084703646861e-05
a21,c7113436,1.827084703646861e-05
a21,c7113438,1.827084703646861e-05
a21,c7120522,1.827084703646861e-05
a21,c102555,1.827084703646861e-05
a21,c3810519,1.827084703646861e-05
a21,c4467,3.654169407293722e-05
a21,c5107880,1.827084703646861e-05
a21,c268882,1.827084703646861e-05
a21,c9609,3.654169407293722e-05
a21,c7215517,1.827084703646861e-05
a21,c1838303,3.654169407293722e-05
a21,c4210650,1.827084703646861e-05
a21,c7248589,1.827084703646861e-05
a21,c5474755,1.827084703646861e-05
a21,c1639642,1.827084703646861e-05
a21,c7276434,1.827084703646861e-05
a21,c1382708,1.827084703646861e-05
a21,c1352526,1.827084703646861e-05
a21,c74720,1.827084703646861e-05
a21,c50967,1.827084703646861e-05
a21,c1552524,1.827084703646861e-05
a21,c1734867,9.135423518234305e-05
a21,c4992089,3.654169407293722e-05
a21,c1585231,1.827084703646861e-05
a21,c594826,1.827084703646861e-05
a21,c7341522,1.827084703646861e-05
a21,c7345297,1.827084703646861e-05
a21,c7353779,1.827084703646861e-05
a21,c53956,5.4812541109405835e-05
a21,c166631,5.4812541109405835e-05
a21,c1161267,3.654169407293722e-05
a21,c2179745,1.827084703646861e-05
a21,c7278866,1.827084703646861e-05
a21,c124925,1.827084703646861e-05
a21,c7536945,1.827084703646861e-05
a21,c596655,1.827084703646861e-05
a21,c746078,3.654169407293722e-05
a21,c40806,1.827084703646861e-05
a21,c7645345,1.827084703646861e-05
a21,c7645348,1.827084703646861e-05
a21,c7645350,1.827084703646861e-05
a21,c7645352,1.827084703646861e-05
a21,c140809,3.654169407293722e-05
a21,c237339,3.654169407293722e-05
a21,c7695529,1.827084703646861e-05
a21,c7701988,1.827084703646861e-05
a21,c524798,1.827084703646861e-05
a21,c317927,1.827084703646861e-05
a21,c260327,1.827084703646861e-05
a21,c7788358,1.827084703646861e-05
a21,c7797115,1.827084703646861e-05
a21,c3031609,1.827084703646861e-05
a21,c7058438,1.827084703646861e-05
a21,c118899,3.654169407293722e-05
a21,c6801731,1.827084703646861e-05
a21,c902862,1.827084703646861e-05
a21,c3627694,1.827084703646861e-05
a21,c4358930,1.827084703646861e-05
a21,c1604945,1.827084703646861e-05
a21,c7854247,1.827084703646861e-05
a21,c4132957,5.4812541109405835e-05
a21,c2734707,1.827084703646861e-05
a21,c7937624,1.827084703646861e-05
a21,c7945204,1.827084703646861e-05
a21,c7089,1.827084703646861e-05
a21,c1611277,5.4812541109405835e-05
a21,c8029296,1.827084703646861e-05
a21,c8029299,1.827084703646861e-05
a21,c8029301,1.827084703646861e-05
a21,c8029303,1.827084703646861e-05
a21,c8029304,1.827084703646861e-05
a21,c8029315,1.827084703646861e-05
a21,c8032174,3.654169407293722e-05
a21,c8039123,1.827084703646861e-05
a21,c51480,1.827084703646861e-05
a21,c276851,1.827084703646861e-05
a21,c417267,5.4812541109405835e-05
a21,c5615697,1.827084703646861e-05
a21,c4411165,1.827084703646861e-05
a21,c8110449,1.827084703646861e-05
a21,c430836,1.827084703646861e-05
a21,c1639643,3.654169407293722e-05
a21,c287543,3.654169407293722e-05
a21,c1544319,3.654169407293722e-05
a21,c1308732,1.827084703646861e-05
a21,c8229854,1.827084703646861e-05
a21,c4597594,1.827084703646861e-05
a21,c3750803,1.827084703646861e-05
a21,c8297587,5.4812541109405835e-05
a21,c6640404,1.827084703646861e-05
a21,c129885,1.827084703646861e-05
a21,c4453079,1.827084703646861e-05
a21,c1224522,1.827084703646861e-05
a21,c782034,1.827084703646861e-05
a21,c3589670,9.135423518234305e-05
a21,c8473820,1.827084703646861e-05
a21,c83595,1.827084703646861e-05
a21,c8504268,0.00010962508221881167
a21,c3736612,1.827084703646861e-05
a21,c402196,3.654169407293722e-05
a21,c8548180,7.308338814587444e-05
a21,c1495377,1.827084703646861e-05
a21,c3807038,1.827084703646861e-05
a21,c175208,1.827084703646861e-05
a21,c191208,1.827084703646861e-05
a21,c2461073,1.827084703646861e-05
a21,c1229692,1.827084703646861e-05
a21,c8699660,1.827084703646861e-05
a21,c991998,1.827084703646861e-05
a21,c8721998,1.827084703646861e-05
a21,c8740512,1.827084703646861e-05
a21,c2465705,3.654169407293722e-05
a21,c632287,1.827084703646861e-05
a21,c4123262,1.827084703646861e-05
a21,c4613965,3.654169407293722e-05
a21,c8777305,1.827084703646861e-05
a21,c7243424,1.827084703646861e-05
a21,c5424888,1.827084703646861e-05
a21,c8806269,1.827084703646861e-05
a21,c41364,1.827084703646861e-05
a21,c4494912,1.827084703646861e-05
a21,c8829635,1.827084703646861e-05
a21,c1713592,1.827084703646861e-05
a21,c8842184,1.827084703646861e-05
a21,c4691230,1.827084703646861e-05
a21,c3618240,7.308338814587444e-05
a21,c1212920,1.827084703646861e-05
a21,c7488441,1.827084703646861e-05
a21,c8678790,1.827084703646861e-05
a21,c743745,3.654169407293722e-05
a21,c5601727,3.654169407293722e-05
a21,c769499,3.654169407293722e-05
a21,c1632358,1.827084703646861e-05
a21,c494824,1.827084703646861e-05
a21,c59111,1.827084703646861e-05
a21,c3585612,1.827084703646861e-05
a21,c8888499,1.827084703646861e-05
a21,c74338,1.827084703646861e-05
a21,c646549,1.827084703646861e-05
a21,c583118,3.654169407293722e-05
a21,c9012281,1.827084703646861e-05
a21,c161154,1.827084703646861e-05
a21,c4965846,1.827084703646861e-05
a21,c247,3.654169407293722e-05
a21,c258422,1.827084703646861e-05
a21,c476572,1.827084703646861e-05
a21,c9099798,1.827084703646861e-05
a21,c9011565,3.654169407293722e-05
a21,c2903137,1.827084703646861e-05
a21,c4497442,1.827084703646861e-05
a21,c9195946,1.827084703646861e-05
a21,c9248625,1.827084703646861e-05
a21,c256618,1.827084703646861e-05
a21,c6707347,1.827084703646861e-05
a21,c9295495,1.827084703646861e-05
a21,c1581308,1.827084703646861e-05
a21,c9335641,1.827084703646861e-05
a21,c474905,1.827084703646861e-05
a21,c1391236,1.827084703646861e-05
a21,c9389879,1.827084703646861e-05
a21,c5289498,1.827084703646861e-05
a21,c563692,1.827084703646861e-05
a21,c4005209,1.827084703646861e-05
a21,c9436305,1.827084703646861e-05
a21,c78110,1.827084703646861e-05
a21,c9511723,1.827084703646861e-05
a21,c9541402,1.827084703646861e-05
a21,c4376900,1.827084703646861e-05
a21,c920166,1.827084703646861e-05
a21,c567435,1.827084703646861e-05
a21,c9635000,1.827084703646861e-05
a21,c9635672,1.827084703646861e-05
a21,c9644675,1.827084703646861e-05
a21,c4893781,1.827084703646861e-05
a21,c3512599,1.827084703646861e-05
a21,c107306,3.654169407293722e-05
a21,c9662033,1.827084703646861e-05
a21,c3095521,1.827084703646861e-05
a21,c515793,1.827084703646861e-05
a21,c473,1.827084703646861e-05
a21,c707881,1.827084703646861e-05
a21,c1449614,1.827084703646861e-05
a21,c128821,1.827084703646861e-05
a21,c1493874,1.827084703646861e-05
a21,c8567649,1.827084703646861e-05
a21,c659004,1.827084703646861e-05
a21,c803491,1.827084703646861e-05
a21,c2602885,1.827084703646861e-05
a21,c9782372,1.827084703646861e-05
a21,c17667,1.827084703646861e-05
a21,c36768,1.827084703646861e-05
a21,c1368435,1.827084703646861e-05
a21,c8047370,1.827084703646861e-05
a21,c9802861,1.827084703646861e-05
a21,c4275962,1.827084703646861e-05
a21,c1189442,1.827084703646861e-05
a21,c163770,1.827084703646861e-05
a21,c50164,1.827084703646861e-05
a21,c9848281,1.827084703646861e-05
a21,c398547,1.827084703646861e-05
a21,c1584080,1.827084703646861e-05
a21,c9886345,1.827084703646861e-05
a21,c8780354,3.654169407293722e-05
a21,c7028163,1.827084703646861e-05
a21,c9906153,7.308338814587444e-05
a21,c223952,5.4812541109405835e-05
a21,c6887722,1.827084703646861e-05
a21,c9925082,1.827084703646861e-05
a21,c25342,1.827084703646861e-05
a21,c242,1.827084703646861e-05
a21,c199204,1.827084703646861e-05
a21,c174944,1.827084703646861e-05
a21,c15431,3.654169407293722e-05
a21,c4522531,1.827084703646861e-05
a21,c2467456,1.827084703646861e-05
a21,c9995502,1.827084703646861e-05
a21,c5252841,1.827084703646861e-05
a21,c10032765,1.827084703646861e-05
a21,c47071,1.827084703646861e-05
a21,c599985,1.827084703646861e-05
a21,c1438503,1.827084703646861e-05
a21,c10108308,1.827084703646861e-05
a21,c164823,1.827084703646861e-05
a21,c799447,1.827084703646861e-05
a21,c284,1.827084703646861e-05
a21,c546224,1.827084703646861e-05
a21,c3396711,1.827084703646861e-05
a21,c10190012,1.827084703646861e-05
a21,c10237776,1.827084703646861e-05
a3132,c3360,0.4058715596330275
a3132,c24202,0.0007339449541284404
a3132,c21191,0.034128440366972476
a3132,c44607,0.1691743119266055
a3132,c72825,0.0003669724770642202
a3132,c12553,0.04807339449541284
a3132,c215365,0.08293577981651376
a3132,c59984,0.13688073394495412
a3132,c303937,0.0007339449541284404
a3132,c319125,0.0033027522935779817
a3132,c401661,0.0007339449541284404
a3132,c482736,0.001834862385321101
a3132,c347446,0.0007339449541284404
a3132,c960742,0.008440366972477064
a3132,c1055288,0.006972477064220183
a3132,c1500959,0.0007339449541284404
a3132,c1505200,0.0003669724770642202
a3132,c1543638,0.003669724770642202
a3132,c1411180,0.0007339449541284404
a3132,c1561418,0.0007339449541284404
a3132,c1729867,0.0003669724770642202
a3132,c1845667,0.007339449541284404
a3132,c151269,0.0047706422018348625
a3132,c1080854,0.0003669724770642202
a3132,c842405,0.0029357798165137615
a3132,c2134797,0.0014678899082568807
a3132,c2229965,0.008807339449541285
a3132,c58091,0.0003669724770642202
a3132,c2800852,0.0014678899082568807
a3132,c2958036,0.0014678899082568807
a3132,c3415799,0.0003669724770642202
a3132,c3300746,0.001834862385321101
a3132,c3615455,0.001834862385321101
a3132,c3628235,0.0003669724770642202
a3132,c3675900,0.0003669724770642202
a3132,c3708399,0.0011009174311926607
a3132,c14196,0.0007339449541284404
a3132,c3748806,0.0003669724770642202
a3132,c3759439,0.0003669724770642202
a3132,c211337,0.0029357798165137615
a3132,c3868638,0.0003669724770642202
a3132,c3999870,0.0003669724770642202
a3132,c945280,0.0007339449541284404
a3132,c4159329,0.0003669724770642202
a3132,c4244681,0.0003669724770642202
a3132,c4252407,0.0007339449541284404
a3132,c4318453,0.0003669724770642202
a3132,c4414334,0.0003669724770642202
a3132,c4477413,0.0007339449541284404
a3132,c4610272,0.0007339449541284404
a3132,c4673772,0.0011009174311926607
a3132,c4819087,0.0003669724770642202
a3132,c7574,0.002568807339449541
a3132,c161680,0.004403669724770643
a3132,c908196,0.0011009174311926607
a3132,c1707954,0.0003669724770642202
a3132,c3988025,0.0007339449541284404
a3132,c5123747,0.0007339449541284404
a3132,c3925017,0.0003669724770642202
a3132,c5185673,0.0003669724770642202
a3132,c5193693,0.0007339449541284404
a3132,c5332766,0.0003669724770642202
a3132,c5344064,0.0014678899082568807
a3132,c2801408,0.0003669724770642202
a3132,c5416549,0.0003669724770642202
a3132,c5478975,0.0003669724770642202
a3132,c692037,0.0003669724770642202
a3132,c5655710,0.0007339449541284404
a3132,c1669687,0.0007339449541284404
a3132,c559421,0.0003669724770642202
a3132,c5813046,0.0003669724770642202
a3132,c4821110,0.0003669724770642202
a3132,c5384796,0.0007339449541284404
a3132,c5905903,0.0022018348623853213
a3132,c5966016,0.0007339449541284404
a3132,c816970,0.0003669724770642202
a3132,c2294698,0.0003669724770642202
a3132,c815479,0.0014678899082568807
a3132,c6765315,0.0007339449541284404
a3132,c786510,0.0003669724770642202
a3132,c3506519,0.0014678899082568807
a3132,c5014582,0.0003669724770642202
a3132,c3796726,0.0003669724770642202
a3132,c7298218,0.0007339449541284404
a3132,c4767263,0.0003669724770642202
a3132,c7650540,0.0003669724770642202
a3132,c100992,0.0003669724770642202
a3132,c7734581,0.0003669724770642202
a3132,c7747374,0.0003669724770642202
a3132,c1574916,0.0007339449541284404
a3132,c38002,0.0011009174311926607
a3132,c313405,0.0003669724770642202
a3132,c7906905,0.0007339449541284404
a3132,c5243414,0.0007339449541284404
a3132,c7954764,0.0003669724770642202
a3132,c5303209,0.0003669724770642202
a3132,c8090522,0.0003669724770642202
a3132,c3015336,0.0007339449541284404
a3132,c773750,0.0003669724770642202
a3132,c5500983,0.0003669724770642202
a3132,c8629398,0.0003669724770642202
a3132,c85557,0.0014678899082568807
a3132,c8575634,0.0007339449541284404
a3132,c4016591,0.0003669724770642202
a3132,c6096223,0.0003669724770642202
a3132,c4212763,0.0003669724770642202
a3132,c8276997,0.0003669724770642202
a3132,c8871671,0.0003669724770642202
a3132,c494430,0.0003669724770642202
a3132,c9247146,0.0003669724770642202
a3132,c9270116,0.0011009174311926607
a3132,c9467507,0.0003669724770642202
a3132,c2290167,0.0003669724770642202
a3132,c9559691,0.0003669724770642202
a3132,c3615459,0.0003669724770642202
a3132,c9678867,0.0003669724770642202
a3132,c9719666,0.0003669724770642202
a3132,c562832,0.0007339449541284404
a3132,c9887094,0.0003669724770642202
a3132,c9887474,0.0003669724770642202
a3132,c5090892,0.0003669724770642202
a3132,c4533597,0.0003669724770642202
a3132,c10003540,0.0003669724770642202
a3132,c2894124,0.0003669724770642202
a5458,c5931,0.780852994555354
a5458,c43768,0.10208711433756806
a5458,c364949,0.00045372050816696913
a5458,c445599,0.006125226860254083
a5458,c536031,0.014745916515426498
a5458,c602014,0.00022686025408348456
a5458,c282943,0.020871143375680582
a5458,c654934,0.0056715063520871144
a5458,c672502,0.002268602540834846
a5458,c865159,0.003176043557168784
a5458,c890713,0.001134301270417423
a5458,c1090668,0.00045372050816696913
a5458,c644309,0.00022686025408348456
a5458,c1211525,0.0006805807622504537
a5458,c1230067,0.00022686025408348456
a5458,c643622,0.00045372050816696913
a5458,c1320542,0.0013611615245009074
a5458,c777751,0.0013611615245009074
a5458,c1518036,0.0006805807622504537
a5458,c1570860,0.00045372050816696913
a5458,c439545,0.00045372050816696913
a5458,c979025,0.0006805807622504537
a5458,c1642594,0.002041742286751361
a5458,c1655525,0.00022686025408348456
a5458,c1648110,0.0024954627949183303
a5458,c1845668,0.00839382940108893
a5458,c2155893,0.00045372050816696913
a5458,c2161766,0.00022686025408348456
a5458,c2647596,0.0013611615245009074
a5458,c2782618,0.00022686025408348456
a5458,c2958039,0.001588021778584392
a5458,c3122507,0.0006805807622504537
a5458,c815595,0.00022686025408348456
a5458,c2928996,0.0013611615245009074
a5458,c3119365,0.00022686025408348456
a5458,c1312343,0.001134301270417423
a5458,c3574713,0.00022686025408348456
a5458,c3576407,0.0006805807622504537
a5458,c3584515,0.00022686025408348456
a5458,c3653547,0.00045372050816696913
a5458,c668254,0.001134301270417423
a5458,c3743703,0.00022686025408348456
a5458,c1155676,0.00022686025408348456
a5458,c3834645,0.0013611615245009074
a5458,c4057550,0.00022686025408348456
a5458,c3752590,0.00022686025408348456
a5458,c515051,0.00022686025408348456
a5458,c4206648,0.00022686025408348456
a5458,c4263054,0.00022686025408348456
a5458,c4464601,0.00022686025408348456
a5458,c2348089,0.0009074410163339383
a5458,c657473,0.0006805807622504537
a5458,c3684335,0.001588021778584392
a5458,c1412491,0.00022686025408348456
a5458,c881907,0.0009074410163339383
a5458,c1320541,0.0009074410163339383
a5458,c5220005,0.00022686025408348456
a5458,c5320392,0.00022686025408348456
a5458,c5332636,0.00045372050816696913
a5458,c5203245,0.00022686025408348456
a5458,c5472779,0.00022686025408348456
a5458,c5593197,0.00022686025408348456
a5458,c216938,0.00022686025408348456
a5458,c5866736,0.00022686025408348456
a5458,c5913321,0.00045372050816696913
a5458,c6185051,0.0009074410163339383
a5458,c6248123,0.0006805807622504537
a5458,c6270936,0.00022686025408348456
a5458,c515049,0.0006805807622504537
a5458,c6625254,0.00022686025408348456
a5458,c6488521,0.00022686025408348456
a5458,c554221,0.00022686025408348456
a5458,c5988624,0.00022686025408348456
a5458,c6783620,0.00022686025408348456
a5458,c846793,0.00022686025408348456
a5458,c6962346,0.00045372050816696913
a5458,c7042209,0.00045372050816696913
a5458,c2167390,0.00022686025408348456
a5458,c7149206,0.00022686025408348456
a5458,c119026,0.00045372050816696913
a5458,c3071583,0.00045372050816696913
a5458,c873045,0.00022686025408348456
a5458,c7575875,0.00022686025408348456
a5458,c58079,0.00022686025408348456
a5458,c845029,0.00045372050816696913
a5458,c4347392,0.00022686025408348456
a5458,c2167392,0.0006805807622504537
a5458,c4059231,0.00022686025408348456
a5458,c7831686,0.00022686025408348456
a5458,c7505701,0.00022686025408348456
a5458,c7870148,0.00022686025408348456
a5458,c7873069,0.00022686025408348456
a5458,c7881195,0.00022686025408348456
a5458,c4571741,0.00022686025408348456
a5458,c7054458,0.00022686025408348456
a5458,c4137604,0.00022686025408348456
a5458,c2852776,0.00022686025408348456
a5458,c8164752,0.00022686025408348456
a5458,c8221251,0.00022686025408348456
a5458,c3660168,0.00022686025408348456
a5458,c540787,0.00022686025408348456
a5458,c8627498,0.00022686025408348456
a5458,c8629421,0.00022686025408348456
a5458,c8717607,0.00045372050816696913
a5458,c2348084,0.00022686025408348456
a5458,c8743812,0.00022686025408348456
a5458,c220131,0.00022686025408348456
a5458,c8768207,0.00022686025408348456
a5458,c145789,0.00022686025408348456
a5458,c119017,0.00045372050816696913
a5458,c2088965,0.00022686025408348456
a5458,c6044266,0.00022686025408348456
a5458,c2944684,0.00022686025408348456
a5458,c8849299,0.00022686025408348456
a5458,c169096,0.00022686025408348456
a5458,c8866822,0.00022686025408348456
a5458,c5832754,0.00022686025408348456
a5458,c8872620,0.00022686025408348456
a5458,c8876493,0.00022686025408348456
a5458,c3257984,0.00022686025408348456
a5458,c8891161,0.00022686025408348456
a5458,c9076574,0.00022686025408348456
a5458,c9094419,0.00022686025408348456
a5458,c9076572,0.00022686025408348456
a5458,c7398234,0.00022686025408348456
a5458,c8189913,0.00022686025408348456
a5458,c1753433,0.00022686025408348456
a5458,c678352,0.00022686025408348456
a5458,c8884788,0.00022686025408348456
a5458,c4020844,0.00022686025408348456
a5458,c4219198,0.00022686025408348456
a5458,c4016121,0.00022686025408348456
a5458,c119015,0.00022686025408348456
a5458,c4259208,0.00022686025408348456
a5458,c6122472,0.00022686025408348456
a5458,c5442264,0.00022686025408348456
a5458,c5298544,0.00022686025408348456
a5458,c3556877,0.00022686025408348456
a5458,c9949658,0.00022686025408348456
a5458,c3571084,0.00045372050816696913
a5458,c10241138,0.00022686025408348456
a6549,c235,0.0469601677148847
a6549,c18352,0.28197064989517817
a6549,c26249,0.0006289308176100629
a6549,c307,0.16184486373165619
a6549,c141404,0.0006289308176100629
a6549,c143495,0.00020964360587002095
a6549,c50658,0.0018867924528301887
a6549,c156069,0.00020964360587002095
a6549,c179020,0.0016771488469601676
a6549,c179141,0.0018867924528301887
a6549,c13458,0.0010482180293501049
a6549,c242924,0.00020964360587002095
a6549,c1580,0.007966457023060796
a6549,c256055,0.00020964360587002095
a6549,c93561,0.0004192872117400419
a6549,c26401,0.039412997903563944
a6549,c3407,0.05492662473794549
a6549,c5256,0.0004192872117400419
a6549,c94,0.12138364779874214
a6549,c16944,0.0004192872117400419
a6549,c411068,0.00020964360587002095
a6549,c15901,0.0025157232704402514
a6549,c11220,0.0018867924528301887
a6549,c453664,0.0004192872117400419
a6549,c9636,0.005241090146750524
a6549,c141770,0.026834381551362682
a6549,c591774,0.024947589098532494
a6549,c16245,0.003983228511530398
a6549,c276000,0.0035639412997903563
a6549,c625997,0.0008385744234800838
a6549,c632842,0.00020964360587002095
a6549,c686715,0.0004192872117400419
a6549,c769011,0.00020964360587002095
a6549,c91176,0.0012578616352201257
a6549,c34464,0.0012578616352201257
a6549,c16134,0.0012578616352201257
a6549,c13513,0.0029350104821802936
a6549,c189841,0.0004192872117400419
a6549,c138426,0.0006289308176100629
a6549,c300643,0.00020964360587002095
a6549,c16132,0.0008385744234800838
a6549,c743213,0.00020964360587002095
a6549,c1181660,0.00020964360587002095
a6549,c35940,0.0004192872117400419
a6549,c1209192,0.00020964360587002095
a6549,c1211351,0.00020964360587002095
a6549,c1211362,0.00020964360587002095
a6549,c1218055,0.00020964360587002095
a6549,c1234989,0.0029350104821802936
a6549,c1247606,0.00020964360587002095
a6549,c239157,0.00020964360587002095
a6549,c1277825,0.00020964360587002095
a6549,c81062,0.00020964360587002095
a6549,c91362,0.0006289308176100629
a6549,c14637,0.0027253668763102725
a6549,c1460940,0.00020964360587002095
a6549,c276867,0.0006289308176100629
a6549,c1475739,0.0004192872117400419
a6549,c140792,0.0006289308176100629
a6549,c1488734,0.0012578616352201257
a6549,c1488735,0.00020964360587002095
a6549,c42115,0.0041928721174004195
a6549,c295282,0.00020964360587002095
a6549,c1514511,0.00020964360587002095
a6549,c1518664,0.0010482180293501049
a6549,c34525,0.0029350104821802936
a6549,c78587,0.00020964360587002095
a6549,c98771,0.00020964360587002095
a6549,c52,0.00020964360587002095
a6549,c1589710,0.00020964360587002095
a6549,c61611,0.0006289308176100629
a6549,c28620,0.0027253668763102725
a6549,c9063,0.00020964360587002095
a6549,c395403,0.0008385744234800838
a6549,c106799,0.0008385744234800838
a6549,c1166082,0.00020964360587002095
a6549,c2777,0.002306079664570231
a6549,c79610,0.0031446540880503146
a6549,c1876691,0.00020964360587002095
a6549,c2033930,0.00020964360587002095
a6549,c2042594,0.00020964360587002095
a6549,c113048,0.0018867924528301887
a6549,c2092579,0.0004192872117400419
a6549,c13514,0.0027253668763102725
a6549,c23761,0.00020964360587002095
a6549,c26080,0.0008385744234800838
a6549,c73683,0.0008385744234800838
a6549,c225170,0.0004192872117400419
a6549,c1795773,0.00020964360587002095
a6549,c138506,0.00020964360587002095
a6549,c49580,0.0029350104821802936
a6549,c241522,0.0006289308176100629
a6549,c308864,0.00020964360587002095
a6549,c52479,0.0004192872117400419
a6549,c727900,0.00020964360587002095
a6549,c1008430,0.00020964360587002095
a6549,c23700,0.0016771488469601676
a6549,c108751,0.0006289308176100629
a6549,c2666520,0.00020964360587002095
a6549,c178949,0.0027253668763102725
a6549,c10477,0.0027253668763102725
a6549,c2745557,0.00020964360587002095
a6549,c2773092,0.00020964360587002095
a6549,c53301,0.0008385744234800838
a6549,c228466,0.0004192872117400419
a6549,c98770,0.0004192872117400419
a6549,c627679,0.00020964360587002095
a6549,c296385,0.0006289308176100629
a6549,c3718,0.00020964360587002095
a6549,c25459,0.0020964360587002098
a6549,c1145396,0.00020964360587002095
a6549,c2483676,0.0004192872117400419
a6549,c3024814,0.00020964360587002095
a6549,c155552,0.0004192872117400419
a6549,c352038,0.0004192872117400419
a6549,c3189970,0.00020964360587002095
a6549,c15820,0.0004192872117400419
a6549,c213232,0.00020964360587002095
a6549,c247961,0.0008385744234800838
a6549,c85242,0.0004192872117400419
a6549,c62028,0.0004192872117400419
a6549,c3385505,0.00020964360587002095
a6549,c1791093,0.00020964360587002095
a6549,c178948,0.00020964360587002095
a6549,c964162,0.0006289308176100629
a6549,c1237751,0.0010482180293501049
a6549,c112663,0.0025157232704402514
a6549,c3591862,0.00020964360587002095
a6549,c1026525,0.00020964360587002095
a6549,c2509247,0.00020964360587002095
a6549,c799443,0.0004192872117400419
a6549,c1932070,0.00020964360587002095
a6549,c3640556,0.00020964360587002095
a6549,c694718,0.0004192872117400419
a6549,c326880,0.0004192872117400419
a6549,c705520,0.00020964360587002095
a6549,c1539016,0.00020964360587002095
a6549,c229420,0.0012578616352201257
a6549,c3189844,0.00020964360587002095
a6549,c557565,0.00020964360587002095
a6549,c512626,0.0004192872117400419
a6549,c705998,0.00020964360587002095
a6549,c237242,0.0014675052410901468
a6549,c460917,0.00020964360587002095
a6549,c94036,0.0004192872117400419
a6549,c55670,0.00020964360587002095
a6549,c107420,0.0004192872117400419
a6549,c3826974,0.00020964360587002095
a6549,c182042,0.0012578616352201257
a6549,c181602,0.00020964360587002095
a6549,c42576,0.0012578616352201257
a6549,c374390,0.00020964360587002095
a6549,c4052616,0.0004192872117400419
a6549,c4098569,0.00020964360587002095
a6549,c447731,0.00020964360587002095
a6549,c2836,0.002306079664570231
a6549,c721840,0.00020964360587002095
a6549,c40120,0.0012578616352201257
a6549,c589492,0.0006289308176100629
a6549,c4437181,0.00020964360587002095
a6549,c669066,0.0004192872117400419
a6549,c4453900,0.00020964360587002095
a6549,c165097,0.00020964360587002095
a6549,c513497,0.0004192872117400419
a6549,c84,0.0025157232704402514
a6549,c4404271,0.00020964360587002095
a6549,c1119689,0.00020964360587002095
a6549,c62035,0.0006289308176100629
a6549,c1750652,0.00020964360587002095
a6549,c61610,0.0004192872117400419
a6549,c100424,0.0012578616352201257
a6549,c1622590,0.0004192872117400419
a6549,c1371945,0.00020964360587002095
a6549,c1420127,0.00020964360587002095
a6549,c3488052,0.00020964360587002095
a6549,c994148,0.0004192872117400419
a6549,c1372299,0.00020964360587002095
a6549,c256099,0.00020964360587002095
a6549,c1184774,0.00020964360587002095
a6549,c1711166,0.00020964360587002095
a6549,c1857,0.0004192872117400419
a6549,c147062,0.0004192872117400419
a6549,c103419,0.0006289308176100629
a6549,c2090298,0.0010482180293501049
a6549,c3734267,0.00020964360587002095
a6549,c4982656,0.00020964360587002095
a6549,c69790,0.0006289308176100629
a6549,c26268,0.00020964360587002095
a6549,c4248,0.0004192872117400419
a6549,c1234840,0.0004192872117400419
a6549,c286759,0.0006289308176100629
a6549,c118875,0.0004192872117400419
a6549,c280921,0.00020964360587002095
a6549,c1528387,0.00020964360587002095
a6549,c2599172,0.00020964360587002095
a6549,c125798,0.0006289308176100629
a6549,c23220,0.0016771488469601676
a6549,c1421202,0.00020964360587002095
a6549,c11047,0.00020964360587002095
a6549,c360387,0.00020964360587002095
a6549,c5253287,0.00020964360587002095
a6549,c14746,0.00020964360587002095
a6549,c36330,0.00020964360587002095
a6549,c344311,0.0004192872117400419
a6549,c766133,0.0006289308176100629
a6549,c84323,0.00020964360587002095
a6549,c1497007,0.00020964360587002095
a6549,c3597614,0.00020964360587002095
a6549,c547818,0.0008385744234800838
a6549,c844878,0.00020964360587002095
a6549,c3009976,0.00020964360587002095
a6549,c5365034,0.00020964360587002095
a6549,c1424641,0.00020964360587002095
a6549,c3632974,0.00020964360587002095
a6549,c1420322,0.00020964360587002095
a6549,c31510,0.0004192872117400419
a6549,c332932,0.0016771488469601676
a6549,c2,0.00020964360587002095
a6549,c203681,0.0004192872117400419
a6549,c583499,0.00020964360587002095
a6549,c5450062,0.0004192872117400419
a6549,c3452128,0.00020964360587002095
a6549,c1484338,0.00020964360587002095
a6549,c1060352,0.00020964360587002095
a6549,c5586392,0.00020964360587002095
a6549,c548258,0.00020964360587002095
a6549,c2864297,0.0008385744234800838
a6549,c5251156,0.0004192872117400419
a6549,c5628765,0.00020964360587002095
a6549,c5639685,0.00020964360587002095
a6549,c875180,0.0006289308176100629
a6549,c352735,0.0008385744234800838
a6549,c564798,0.00020964360587002095
a6549,c1082663,0.0004192872117400419
a6549,c441963,0.0004192872117400419
a6549,c228867,0.00020964360587002095
a6549,c9191,0.00020964360587002095
a6549,c106800,0.00020964360587002095
a6549,c61634,0.0006289308176100629
a6549,c5467072,0.0004192872117400419
a6549,c5907249,0.00020964360587002095
a6549,c1777352,0.00020964360587002095
a6549,c51947,0.0014675052410901468
a6549,c257064,0.0004192872117400419
a6549,c2478916,0.00020964360587002095
a6549,c1021379,0.0004192872117400419
a6549,c2998724,0.00020964360587002095
a6549,c51535,0.0004192872117400419
a6549,c2824255,0.00020964360587002095
a6549,c1034078,0.0004192872117400419
a6549,c1129139,0.0006289308176100629
a6549,c137122,0.0006289308176100629
a6549,c541508,0.00020964360587002095
a6549,c845043,0.00020964360587002095
a6549,c2763975,0.00020964360587002095
a6549,c236128,0.00020964360587002095
a6549,c1641796,0.00020964360587002095
a6549,c890866,0.00020964360587002095
a6549,c6430534,0.00020964360587002095
a6549,c2879718,0.00020964360587002095
a6549,c279848,0.00020964360587002095
a6549,c301994,0.00020964360587002095
a6549,c1040031,0.00020964360587002095
a6549,c1999579,0.00020964360587002095
a6549,c714963,0.0006289308176100629
a6549,c6479042,0.00020964360587002095
a6549,c1120987,0.0006289308176100629
a6549,c31283,0.00020964360587002095
a6549,c6551517,0.00020964360587002095
a6549,c6563276,0.00020964360587002095
a6549,c298819,0.00020964360587002095
a6549,c1198663,0.00020964360587002095
a6549,c2492034,0.00020964360587002095
a6549,c6601166,0.00020964360587002095
a6549,c274189,0.00020964360587002095
a6549,c310969,0.00020964360587002095
a6549,c215455,0.00020964360587002095
a6549,c140186,0.00020964360587002095
a6549,c182,0.0006289308176100629
a6549,c4091335,0.00020964360587002095
a6549,c931014,0.00020964360587002095
a6549,c352067,0.00020964360587002095
a6549,c173831,0.00020964360587002095
a6549,c5280382,0.0004192872117400419
a6549,c6975806,0.00020964360587002095
a6549,c3252601,0.00020964360587002095
a6549,c6998262,0.00020964360587002095
a6549,c7023985,0.00020964360587002095
a6549,c539748,0.0004192872117400419
a6549,c818492,0.00020964360587002095
a6549,c3513798,0.00020964360587002095
a6549,c4466002,0.00020964360587002095
a6549,c1433424,0.00020964360587002095
a6549,c2512244,0.00020964360587002095
a6549,c157826,0.00020964360587002095
a6549,c135851,0.00020964360587002095
a6549,c58156,0.00020964360587002095
a6549,c238591,0.00020964360587002095
a6549,c7239057,0.00020964360587002095
a6549,c352819,0.0004192872117400419
a6549,c7247618,0.00020964360587002095
a6549,c326876,0.0006289308176100629
a6549,c1184809,0.00020964360587002095
a6549,c928064,0.0004192872117400419
a6549,c130239,0.0006289308176100629
a6549,c104950,0.0006289308176100629
a6549,c1394798,0.0004192872117400419
a6549,c743210,0.0004192872117400419
a6549,c216783,0.00020964360587002095
a6549,c1328551,0.00020964360587002095
a6549,c1295728,0.00020964360587002095
a6549,c548261,0.00020964360587002095
a6549,c1565360,0.00020964360587002095
a6549,c379345,0.00020964360587002095
a6549,c1495693,0.00020964360587002095
a6549,c54035,0.00020964360587002095
a6549,c7348140,0.00020964360587002095
a6549,c3851852,0.00020964360587002095
a6549,c7351881,0.00020964360587002095
a6549,c7351882,0.0004192872117400419
a6549,c997152,0.00020964360587002095
a6549,c660059,0.0004192872117400419
a6549,c894059,0.00020964360587002095
a6549,c59206,0.00020964360587002095
a6549,c988388,0.00020964360587002095
a6549,c123213,0.00020964360587002095
a6549,c336227,0.00020964360587002095
a6549,c3580521,0.00020964360587002095
a6549,c988692,0.00020964360587002095
a6549,c449744,0.00020964360587002095
a6549,c531669,0.0004192872117400419
a6549,c968500,0.00020964360587002095
a6549,c7594129,0.00020964360587002095
a6549,c1647406,0.0004192872117400419
a6549,c163912,0.00020964360587002095
a6549,c3082267,0.00020964360587002095
a6549,c7692356,0.00020964360587002095
a6549,c2383389,0.00020964360587002095
a6549,c850889,0.00020964360587002095
a6549,c78583,0.00020964360587002095
a6549,c1805078,0.00020964360587002095
a6549,c514817,0.00020964360587002095
a6549,c1644603,0.00020964360587002095
a6549,c2907249,0.0004192872117400419
a6549,c447453,0.00020964360587002095
a6549,c6796209,0.00020964360587002095
a6549,c13385,0.0006289308176100629
a6549,c749247,0.00020964360587002095
a6549,c165809,0.00020964360587002095
a6549,c7807376,0.00020964360587002095
a6549,c735294,0.00020964360587002095
a6549,c1232782,0.00020964360587002095
a6549,c108927,0.0004192872117400419
a6549,c7891289,0.00020964360587002095
a6549,c1208401,0.00020964360587002095
a6549,c1527688,0.00020964360587002095
a6549,c601302,0.00020964360587002095
a6549,c1357681,0.0004192872117400419
a6549,c391492,0.00020964360587002095
a6549,c51180,0.00020964360587002095
a6549,c1729997,0.0004192872117400419
a6549,c1567329,0.00020964360587002095
a6549,c34893,0.00020964360587002095
a6549,c1028616,0.00020964360587002095
a6549,c564796,0.0006289308176100629
a6549,c143481,0.0004192872117400419
a6549,c586470,0.00020964360587002095
a6549,c67879,0.00020964360587002095
a6549,c1135200,0.00020964360587002095
a6549,c8653,0.00020964360587002095
a6549,c945825,0.00020964360587002095
a6549,c830903,0.00020964360587002095
a6549,c89804,0.00020964360587002095
a6549,c418319,0.0004192872117400419
a6549,c146114,0.00020964360587002095
a6549,c182816,0.0004192872117400419
a6549,c387453,0.00020964360587002095
a6549,c1296186,0.00020964360587002095
a6549,c359158,0.00020964360587002095
a6549,c3976977,0.00020964360587002095
a6549,c149995,0.00020964360587002095
a6549,c278525,0.0004192872117400419
a6549,c577243,0.00020964360587002095
a6549,c12891,0.0006289308176100629
a6549,c184336,0.00020964360587002095
a6549,c272991,0.00020964360587002095
a6549,c4865953,0.00020964360587002095
a6549,c8486967,0.00020964360587002095
a6549,c893566,0.0008385744234800838
a6549,c1082679,0.00020964360587002095
a6549,c643639,0.00020964360587002095
a6549,c510643,0.00020964360587002095
a6549,c1021967,0.00020964360587002095
a6549,c8616742,0.0004192872117400419
a6549,c8226709,0.00020964360587002095
a6549,c3480563,0.00020964360587002095
a6549,c1071156,0.00020964360587002095
a6549,c8142573,0.00020964360587002095
a6549,c126593,0.00020964360587002095
a6549,c356062,0.00020964360587002095
a6549,c516851,0.00020964360587002095
a6549,c632282,0.0004192872117400419
a6549,c31111,0.00020964360587002095
a6549,c528415,0.00020964360587002095
a6549,c8741177,0.00020964360587002095
a6549,c404878,0.00020964360587002095
a6549,c7207089,0.0004192872117400419
a6549,c346916,0.00020964360587002095
a6549,c8780373,0.00020964360587002095
a6549,c18474,0.0006289308176100629
a6549,c423675,0.00020964360587002095
a6549,c8384958,0.00020964360587002095
a6549,c4901530,0.00020964360587002095
a6549,c8814586,0.00020964360587002095
a6549,c1558286,0.00020964360587002095
a6549,c8825384,0.0006289308176100629
a6549,c134372,0.00020964360587002095
a6549,c225871,0.00020964360587002095
a6549,c7686440,0.00020964360587002095
a6549,c515081,0.00020964360587002095
a6549,c331778,0.00020964360587002095
a6549,c1553477,0.00020964360587002095
a6549,c1005948,0.00020964360587002095
a6549,c1071311,0.00020964360587002095
a6549,c652801,0.0006289308176100629
a6549,c127630,0.00020964360587002095
a6549,c877184,0.00020964360587002095
a6549,c5405539,0.00020964360587002095
a6549,c4198278,0.00020964360587002095
a6549,c7149566,0.00020964360587002095
a6549,c8194122,0.00020964360587002095
a6549,c1008872,0.00020964360587002095
a6549,c1942959,0.00020964360587002095
a6549,c5360557,0.00020964360587002095
a6549,c1247610,0.00020964360587002095
a6549,c8882555,0.00020964360587002095
a6549,c8756484,0.00020964360587002095
a6549,c5339844,0.00020964360587002095
a6549,c290913,0.00020964360587002095
a6549,c8894735,0.00020964360587002095
a6549,c336989,0.00020964360587002095
a6549,c460052,0.00020964360587002095
a6549,c10745,0.00020964360587002095
a6549,c3966685,0.00020964360587002095
a6549,c719547,0.00020964360587002095
a6549,c2759303,0.00020964360587002095
a6549,c1028623,0.00020964360587002095
a6549,c1875213,0.0004192872117400419
a6549,c7935091,0.00020964360587002095
a6549,c2241482,0.0004192872117400419
a6549,c2077378,0.0004192872117400419
a6549,c67196,0.00020964360587002095
a6549,c3887725,0.00020964360587002095
a6549,c175893,0.00020964360587002095
a6549,c970911,0.00020964360587002095
a6549,c1478970,0.00020964360587002095
a6549,c621199,0.00020964360587002095
a6549,c3114315,0.00020964360587002095
a6549,c5483326,0.00020964360587002095
a6549,c359436,0.0004192872117400419
a6549,c1235333,0.00020964360587002095
a6549,c257058,0.00020964360587002095
a6549,c5197755,0.0004192872117400419
a6549,c5126047,0.00020964360587002095
a6549,c1201193,0.00020964360587002095
a6549,c115324,0.0004192872117400419
a6549,c440468,0.00020964360587002095
a6549,c34695,0.00020964360587002095
a6549,c1159841,0.00020964360587002095
a6549,c4374498,0.00020964360587002095
a6549,c1326608,0.00020964360587002095
a6549,c250661,0.00020964360587002095
a6549,c771203,0.00020964360587002095
a6549,c385429,0.0004192872117400419
a6549,c1097018,0.00020964360587002095
a6549,c3415,0.00020964360587002095
a6549,c1175807,0.00020964360587002095
a6549,c1108765,0.00020964360587002095
a6549,c474545,0.00020964360587002095
a6549,c1043429,0.00020964360587002095
a6549,c87237,0.00020964360587002095
a6549,c4384778,0.00020964360587002095
a6549,c91048,0.00020964360587002095
a6549,c8964065,0.00020964360587002095
a6549,c170017,0.00020964360587002095
a6549,c4764519,0.00020964360587002095
a6549,c828270,0.00020964360587002095
a6549,c533193,0.00020964360587002095
a6549,c47161,0.00020964360587002095
a6549,c85278,0.00020964360587002095
a6549,c2146211,0.00020964360587002095
a6549,c519660,0.00020964360587002095
a6549,c523275,0.00020964360587002095
a6549,c1515817,0.00020964360587002095
a6549,c776306,0.00020964360587002095
a6549,c5482100,0.00020964360587002095
a6549,c7098992,0.00020964360587002095
a6549,c49754,0.0006289308176100629
a6549,c1274140,0.00020964360587002095
a6549,c436491,0.00020964360587002095
a6549,c9797320,0.00020964360587002095
a6549,c7934302,0.00020964360587002095
a6549,c58023,0.00020964360587002095
a6549,c93547,0.00020964360587002095
a6549,c3771673,0.00020964360587002095
a6549,c17987,0.00020964360587002095
a6549,c4139729,0.00020964360587002095
a6549,c357362,0.00020964360587002095
a6549,c23473,0.00020964360587002095
a6549,c5275880,0.00020964360587002095
a6549,c1626577,0.00020964360587002095
a6549,c555328,0.00020964360587002095
a6549,c2051485,0.00020964360587002095
a6549,c69826,0.00020964360587002095
a6549,c75794,0.00020964360587002095
a6549,c370397,0.00020964360587002095
a6549,c996132,0.00020964360587002095
a6549,c259866,0.00020964360587002095
a6549,c9906882,0.00020964360587002095
a6549,c1338191,0.00020964360587002095
a6549,c1564567,0.00020964360587002095
a6549,c91507,0.00020964360587002095
a6549,c1415431,0.00020964360587002095
a6549,c34981,0.00020964360587002095
a6549,c34348,0.00020964360587002095
a6549,c212355,0.00020964360587002095
a6549,c191526,0.00020964360587002095
a6549,c230121,0.00020964360587002095
a6549,c1303324,0.00020964360587002095
a6549,c517573,0.00020964360587002095
a6549,c695207,0.00020964360587002095
a6549,c787086,0.00020964360587002095
a6549,c5596025,0.00020964360587002095
a6549,c122949,0.00020964360587002095
a6549,c10030249,0.0004192872117400419
a6549,c133040,0.00020964360587002095
a6549,c5168965,0.00020964360587002095
a6549,c29336,0.00020964360587002095
a6549,c5706988,0.00020964360587002095
a6549,c4243283,0.00020964360587002095
a6549,c677286,0.00020964360587002095
a6549,c882753,0.00020964360587002095
a6549,c337109,0.00020964360587002095
a7008,c7612,0.8981585869973694
a7008,c106782,0.029688087185268695
a7008,c774476,0.00018789928598271326
a7008,c86877,0.0013152950018789928
a7008,c1032611,0.0013152950018789928
a7008,c1037250,0.000751597143930853
a7008,c63710,0.0005636978579481398
a7008,c1095964,0.0009394964299135663
a7008,c552621,0.005073280721533258
a7008,c52964,0.0016910935738444193
a7008,c1211661,0.00018789928598271326
a7008,c1238095,0.0005636978579481398
a7008,c3413,0.0005636978579481398
a7008,c1449161,0.002066892145809846
a7008,c204200,0.0033821871476888386
a7008,c1845666,0.008831266441187523
a7008,c25611,0.011086057872980082
a7008,c7895,0.0003757985719654265
a7008,c2492042,0.000751597143930853
a7008,c2958038,0.00018789928598271326
a7008,c2998633,0.0003757985719654265
a7008,c3411,0.00018789928598271326
a7008,c3525937,0.00018789928598271326
a7008,c3576349,0.0009394964299135663
a7008,c3588463,0.00018789928598271326
a7008,c473952,0.00018789928598271326
a7008,c3589059,0.0005636978579481398
a7008,c3621699,0.00018789928598271326
a7008,c47627,0.00018789928598271326
a7008,c1155782,0.00018789928598271326
a7008,c2281960,0.0016910935738444193
a7008,c226933,0.00018789928598271326
a7008,c4079826,0.00018789928598271326
a7008,c3528359,0.0013152950018789928
a7008,c655037,0.00018789928598271326
a7008,c4263863,0.00018789928598271326
a7008,c630209,0.00018789928598271326
a7008,c4414357,0.00018789928598271326
a7008,c4716113,0.0026305900037579856
a7008,c4941893,0.00018789928598271326
a7008,c4941950,0.0009394964299135663
a7008,c325647,0.0009394964299135663
a7008,c276157,0.000751597143930853
a7008,c425322,0.0003757985719654265
a7008,c637860,0.000751597143930853
a7008,c473949,0.0003757985719654265
a7008,c432489,0.0005636978579481398
a7008,c667582,0.000751597143930853
a7008,c5405122,0.00018789928598271326
a7008,c887949,0.00018789928598271326
a7008,c5434222,0.00018789928598271326
a7008,c654200,0.00018789928598271326
a7008,c5498077,0.00018789928598271326
a7008,c129626,0.00018789928598271326
a7008,c5571897,0.00018789928598271326
a7008,c5581150,0.00018789928598271326
a7008,c293906,0.00018789928598271326
a7008,c5861656,0.0009394964299135663
a7008,c654131,0.0003757985719654265
a7008,c5886200,0.00018789928598271326
a7008,c863015,0.00018789928598271326
a7008,c352005,0.0003757985719654265
a7008,c6447407,0.00018789928598271326
a7008,c1298771,0.00018789928598271326
a7008,c1964739,0.0005636978579481398
a7008,c1193835,0.00018789928598271326
a7008,c5424695,0.00018789928598271326
a7008,c5840941,0.00018789928598271326
a7008,c6789529,0.0005636978579481398
a7008,c1692147,0.00018789928598271326
a7008,c2261038,0.00018789928598271326
a7008,c4286413,0.00018789928598271326
a7008,c2254598,0.000751597143930853
a7008,c6724977,0.0009394964299135663
a7008,c2365332,0.00018789928598271326
a7008,c1062539,0.00018789928598271326
a7008,c70262,0.0003757985719654265
a7008,c7792052,0.00018789928598271326
a7008,c7807905,0.0005636978579481398
a7008,c7916523,0.00018789928598271326
a7008,c6593804,0.0003757985719654265
a7008,c8194543,0.00018789928598271326
a7008,c984261,0.00018789928598271326
a7008,c4517365,0.00018789928598271326
a7008,c8657444,0.00018789928598271326
a7008,c8667271,0.00018789928598271326
a7008,c723873,0.00018789928598271326
a7008,c3294655,0.00018789928598271326
a7008,c1726714,0.00018789928598271326
a7008,c1135141,0.00018789928598271326
a7008,c6524869,0.00018789928598271326
a7008,c491507,0.00018789928598271326
a7008,c3012040,0.00018789928598271326
a7008,c1036711,0.00018789928598271326
a7008,c8899151,0.00018789928598271326
a7008,c1461767,0.00018789928598271326
a7008,c3971091,0.00018789928598271326
a7008,c289812,0.00018789928598271326
a7008,c1074964,0.00018789928598271326
a7008,c9472263,0.00018789928598271326
a7008,c3599795,0.00018789928598271326
a7008,c1025282,0.00018789928598271326
a7008,c85236,0.00018789928598271326
a7008,c131449,0.00018789928598271326
a7008,c100056,0.00018789928598271326
a7008,c9760334,0.00018789928598271326
a7008,c3943843,0.0003757985719654265
a7008,c7894487,0.00018789928598271326
a7008,c1585731,0.00018789928598271326
a7008,c61531,0.00018789928598271326
a7008,c476260,0.00018789928598271326
a7008,c131451,0.00018789928598271326
a7008,c1203034,0.00018789928598271326
a7008,c10051207,0.00018789928598271326
a7008,c476242,0.00018789928598271326
a7459,c8104,0.9367352252017703
a7459,c208958,0.003514709711012757
a7459,c252335,0.0027336631085654777
a7459,c333848,0.001692267638635772
a7459,c531177,0.01288726894038011
a7459,c629672,0.001041395469929706
a7459,c590445,0.0006508721687060661
a7459,c741372,0.0009112210361884926
a7459,c973509,0.00013017443374121324
a7459,c1046222,0.0019526165061181985
a7459,c1050279,0.00013017443374121324
a7459,c1519355,0.0032543608435303306
a7459,c33172,0.005337151783389742
a7459,c1640423,0.0015620932048945586
a7459,c477232,0.002082790939859412
a7459,c137896,0.0002603488674824265
a7459,c1206324,0.0002603488674824265
a7459,c349810,0.00013017443374121324
a7459,c3003737,0.0006508721687060661
a7459,c3146243,0.0027336631085654777
a7459,c3332092,0.00039052330122363966
a7459,c143016,0.00039052330122363966
a7459,c3184652,0.0002603488674824265
a7459,c3440448,0.00013017443374121324
a7459,c949420,0.00013017443374121324
a7459,c3606522,0.0027336631085654777
a7459,c3708028,0.00039052330122363966
a7459,c3782526,0.0002603488674824265
a7459,c3904783,0.0006508721687060661
a7459,c3955213,0.00039052330122363966
a7459,c955691,0.00013017443374121324
a7459,c4068837,0.00039052330122363966
a7459,c661903,0.00013017443374121324
a7459,c3457335,0.00013017443374121324
a7459,c888863,0.00013017443374121324
a7459,c4726505,0.00013017443374121324
a7459,c2634550,0.00013017443374121324
a7459,c226394,0.000520697734964853
a7459,c4944345,0.001041395469929706
a7459,c5200496,0.0013017443374121322
a7459,c47359,0.0002603488674824265
a7459,c407254,0.000520697734964853
a7459,c5361042,0.0007810466024472793
a7459,c5374191,0.0002603488674824265
a7459,c58095,0.0007810466024472793
a7459,c4891336,0.00013017443374121324
a7459,c387684,0.0002603488674824265
a7459,c1675725,0.0002603488674824265
a7459,c6236881,0.00013017443374121324
a7459,c6244936,0.00013017443374121324
a7459,c3744886,0.00013017443374121324
a7459,c5866737,0.0006508721687060661
a7459,c218398,0.00013017443374121324
a7459,c61108,0.00013017443374121324
a7459,c1968937,0.00013017443374121324
a7459,c227080,0.00013017443374121324
a7459,c7177260,0.0002603488674824265
a7459,c195050,0.00013017443374121324
a7459,c949406,0.00013017443374121324
a7459,c692629,0.00013017443374121324
a7459,c3502640,0.000520697734964853
a7459,c4057732,0.00013017443374121324
a7459,c886839,0.0002603488674824265
a7459,c128675,0.00013017443374121324
a7459,c7911135,0.000520697734964853
a7459,c1148603,0.00013017443374121324
a7459,c48038,0.00013017443374121324
a7459,c117546,0.00013017443374121324
a7459,c8415261,0.00013017443374121324
a7459,c8487381,0.0002603488674824265
a7459,c8664743,0.00013017443374121324
a7459,c8743061,0.0002603488674824265
a7459,c8839150,0.00013017443374121324
a7459,c8888684,0.00013017443374121324
a7459,c8888690,0.0002603488674824265
a7459,c2263608,0.00013017443374121324
a7459,c6487,0.00013017443374121324
a7459,c666731,0.00013017443374121324
a7459,c710337,0.00013017443374121324
a7459,c5135594,0.00013017443374121324
a7459,c229288,0.00013017443374121324
a7459,c136643,0.00013017443374121324
a7459,c4172988,0.00013017443374121324
a7459,c8720977,0.00013017443374121324
a7459,c3018387,0.00013017443374121324
a7459,c7345035,0.00013017443374121324
a7459,c837511,0.0002603488674824265
a7459,c6517291,0.00013017443374121324
a7459,c3192069,0.00013017443374121324
a7459,c3805875,0.00013017443374121324
a7459,c7699608,0.00013017443374121324
a7459,c271755,0.00013017443374121324
a7459,c9963140,0.0002603488674824265
a7459,c10000780,0.00013017443374121324
a7459,c958883,0.00013017443374121324
a34964,c38274,0.0069084628670120895
a34964,c32917,0.0017271157167530224
a34964,c411902,0.30915371329879104
a34964,c549219,0.0017271157167530224
a34964,c585965,0.0017271157167530224
a34964,c672553,0.0017271157167530224
a34964,c678903,0.013816925734024179
a34964,c822434,0.031088082901554404
a34964,c502516,0.0051813471502590676
a34964,c25210,0.05008635578583765
a34964,c5109,0.025906735751295335
a34964,c686625,0.0034542314335060447
a34964,c1099487,0.0017271157167530224
a34964,c562136,0.0017271157167530224
a34964,c857389,0.008635578583765112
a34964,c1468185,0.0017271157167530224
a34964,c1599635,0.0017271157167530224
a34964,c264270,0.0017271157167530224
a34964,c76688,0.0017271157167530224
a34964,c106496,0.0051813471502590676
a34964,c326604,0.013816925734024179
a34964,c266079,0.0034542314335060447
a34964,c478839,0.0017271157167530224
a34964,c657817,0.0034542314335060447
a34964,c154306,0.013816925734024179
a34964,c73704,0.017271157167530225
a34964,c146951,0.0034542314335060447
a34964,c232363,0.0051813471502590676
a34964,c2613745,0.0017271157167530224
a34964,c315792,0.017271157167530225
a34964,c316433,0.0017271157167530224
a34964,c3587935,0.0017271157167530224
a34964,c4587,0.0017271157167530224
a34964,c17590,0.008635578583765112
a34964,c3674774,0.0017271157167530224
a34964,c370685,0.0017271157167530224
a34964,c3739986,0.0017271157167530224
a34964,c3868544,0.0034542314335060447
a34964,c2562899,0.0017271157167530224
a34964,c3035727,0.0017271157167530224
a34964,c4062525,0.0017271157167530224
a34964,c212001,0.012089810017271158
a34964,c2521909,0.0017271157167530224
a34964,c3980682,0.0017271157167530224
a34964,c4180635,0.0017271157167530224
a34964,c47005,0.0017271157167530224
a34964,c903283,0.0017271157167530224
a34964,c4296418,0.0051813471502590676
a34964,c168549,0.0017271157167530224
a34964,c29221,0.008635578583765112
a34964,c780431,0.0017271157167530224
a34964,c4671160,0.0017271157167530224
a34964,c311061,0.0017271157167530224
a34964,c70085,0.0017271157167530224
a34964,c5014606,0.0017271157167530224
a34964,c5061188,0.0017271157167530224
a34964,c841069,0.010362694300518135
a34964,c822756,0.0017271157167530224
a34964,c5092736,0.0017271157167530224
a34964,c168199,0.0017271157167530224
a34964,c5163071,0.0017271157167530224
a34964,c650536,0.0017271157167530224
a34964,c88747,0.0017271157167530224
a34964,c2439944,0.0017271157167530224
a34964,c1272,0.0034542314335060447
a34964,c942338,0.0017271157167530224
a34964,c3588079,0.0017271157167530224
a34964,c29229,0.0069084628670120895
a34964,c615853,0.010362694300518135
a34964,c73244,0.0017271157167530224
a34964,c3792378,0.0017271157167530224
a34964,c125705,0.0017271157167530224
a34964,c1459168,0.0017271157167530224
a34964,c1071294,0.0034542314335060447
a34964,c5586195,0.0017271157167530224
a34964,c5597253,0.0017271157167530224
a34964,c38314,0.0034542314335060447
a34964,c5775524,0.0017271157167530224
a34964,c5916975,0.0017271157167530224
a34964,c17301,0.0017271157167530224
a34964,c274368,0.0017271157167530224
a34964,c6133661,0.0034542314335060447
a34964,c10978,0.0051813471502590676
a34964,c4442526,0.0069084628670120895
a34964,c6243485,0.0017271157167530224
a34964,c1030780,0.0017271157167530224
a34964,c6305316,0.0017271157167530224
a34964,c2120363,0.0017271157167530224
a34964,c1223815,0.012089810017271158
a34964,c1153841,0.0017271157167530224
a34964,c6616124,0.0017271157167530224
a34964,c6634417,0.010362694300518135
a34964,c64090,0.0017271157167530224
a34964,c6660815,0.0034542314335060447
a34964,c1952382,0.0017271157167530224
a34964,c1968964,0.0017271157167530224
a34964,c25657,0.0034542314335060447
a34964,c6886457,0.0017271157167530224
a34964,c6887606,0.0017271157167530224
a34964,c5513303,0.0017271157167530224
a34964,c129170,0.0069084628670120895
a34964,c733716,0.0017271157167530224
a34964,c1030199,0.0017271157167530224
a34964,c7130877,0.0017271157167530224
a34964,c7201811,0.0017271157167530224
a34964,c1051151,0.008635578583765112
a34964,c5078023,0.0017271157167530224
a34964,c930969,0.0017271157167530224
a34964,c1273943,0.0017271157167530224
a34964,c7310687,0.0017271157167530224
a34964,c4803683,0.0017271157167530224
a34964,c1099488,0.0034542314335060447
a34964,c1277710,0.0017271157167530224
a34964,c289599,0.0034542314335060447
a34964,c66401,0.0017271157167530224
a34964,c7465924,0.0017271157167530224
a34964,c786544,0.0017271157167530224
a34964,c717777,0.0017271157167530224
a34964,c1899884,0.0017271157167530224
a34964,c1172657,0.0017271157167530224
a34964,c101085,0.0017271157167530224
a34964,c5592334,0.0017271157167530224
a34964,c1323898,0.0051813471502590676
a34964,c399559,0.0017271157167530224
a34964,c1639951,0.0017271157167530224
a34964,c33365,0.0017271157167530224
a34964,c1021739,0.0017271157167530224
a34964,c6694668,0.0017271157167530224
a34964,c81790,0.0017271157167530224
a34964,c4190919,0.0017271157167530224
a34964,c2780107,0.0017271157167530224
a34964,c5193664,0.0069084628670120895
a34964,c242175,0.0017271157167530224
a34964,c2860863,0.0017271157167530224
a34964,c7969837,0.0017271157167530224
a34964,c6584502,0.0017271157167530224
a34964,c899295,0.0017271157167530224
a34964,c1631247,0.0017271157167530224
a34964,c8291170,0.0034542314335060447
a34964,c516759,0.0017271157167530224
a34964,c5380889,0.0017271157167530224
a34964,c1883800,0.0017271157167530224
a34964,c1403567,0.0017271157167530224
a34964,c8692997,0.0017271157167530224
a34964,c1329895,0.0017271157167530224
a34964,c3490986,0.0034542314335060447
a34964,c3826059,0.0017271157167530224
a34964,c587365,0.0017271157167530224
a34964,c187908,0.0017271157167530224
a34964,c8839366,0.0017271157167530224
a34964,c3598902,0.0017271157167530224
a34964,c23027,0.0017271157167530224
a34964,c5735211,0.0051813471502590676
a34964,c3576650,0.0017271157167530224
a34964,c7265219,0.0017271157167530224
a34964,c108232,0.0017271157167530224
a34964,c880120,0.0017271157167530224
a34964,c8942676,0.0017271157167530224
a34964,c69953,0.0017271157167530224
a34964,c105863,0.0017271157167530224
a34964,c8997469,0.0017271157167530224
a34964,c9065382,0.0017271157167530224
a34964,c531473,0.0017271157167530224
a34964,c9348361,0.0017271157167530224
a34964,c9362006,0.0017271157167530224
a34964,c569821,0.0017271157167530224
a34964,c669666,0.0017271157167530224
a34964,c504065,0.0017271157167530224
a34964,c650223,0.0017271157167530224
a34964,c6571306,0.0017271157167530224
a34964,c702350,0.0017271157167530224
a34964,c228987,0.0017271157167530224
a34964,c156962,0.0017271157167530224
a34964,c4887857,0.0017271157167530224
a34964,c1146701,0.0017271157167530224
a34964,c877267,0.0017271157167530224
a34964,c130273,0.0017271157167530224
a34964,c56498,0.0017271157167530224
a34964,c1742023,0.0017271157167530224
a34964,c9663310,0.0017271157167530224
a34964,c9683071,0.0017271157167530224
a34964,c2983469,0.0017271157167530224
a34964,c1117935,0.0017271157167530224
a34964,c509,0.0017271157167530224
a34964,c159823,0.0017271157167530224
a34964,c9272755,0.0017271157167530224
a34964,c4117163,0.0017271157167530224
a34964,c460080,0.0017271157167530224
a34964,c9892199,0.0017271157167530224
a34964,c5594017,0.02072538860103627
a34964,c234983,0.0017271157167530224
a34964,c198275,0.0017271157167530224
a34964,c83772,0.0017271157167530224
a34964,c216675,0.0017271157167530224
a34964,c5296030,0.0017271157167530224
a34964,c821282,0.0017271157167530224
a34964,c23703,0.0017271157167530224
a34964,c10039611,0.0017271157167530224
a34964,c3914453,0.0017271157167530224
a34964,c3488781,0.0017271157167530224
a34964,c652328,0.0017271157167530224
a34964,c767650,0.0017271157167530224
a34964,c3003734,0.0017271157167530224
a34964,c10181292,0.0017271157167530224
a34964,c8072656,0.0017271157167530224
a41907,c45951,0.010309278350515464
a41907,c385153,0.7525773195876289
a41907,c3267,0.030927835051546393
a41907,c1479885,0.010309278350515464
a41907,c1662739,0.010309278350515464
a41907,c1072292,0.010309278350515464
a41907,c623671,0.041237113402061855
a41907,c1418836,0.030927835051546393
a41907,c124468,0.010309278350515464
a41907,c897151,0.010309278350515464
a41907,c5687613,0.010309278350515464
a41907,c147335,0.010309278350515464
a41907,c899261,0.010309278350515464
a41907,c3368829,0.010309278350515464
a41907,c618830,0.010309278350515464
a41907,c329468,0.010309278350515464
a41907,c50852,0.020618556701030927
a43525,c47600,0.9939879759519038
a43525,c782763,0.00250501002004008
a43525,c5095333,0.000501002004008016
a43525,c7172952,0.000501002004008016
a43525,c7768836,0.001503006012024048
a43525,c8572415,0.000501002004008016
a43525,c63355,0.000501002004008016
a43653,c47729,0.9421487603305785
a43653,c7464,0.0006198347107438017
a43653,c22171,0.001859504132231405
a43653,c761215,0.0006198347107438017
a43653,c163205,0.008471074380165288
a43653,c1122741,0.00020661157024793388
a43653,c1382730,0.00041322314049586776
a43653,c1518271,0.001446280991735537
a43653,c1547534,0.007851239669421488
a43653,c1940938,0.0008264462809917355
a43653,c2050518,0.0010330578512396695
a43653,c2154636,0.00041322314049586776
a43653,c2237754,0.00041322314049586776
a43653,c1486945,0.00041322314049586776
a43653,c2496241,0.00020661157024793388
a43653,c2474732,0.0008264462809917355
a43653,c2958035,0.00041322314049586776
a43653,c3193295,0.00020661157024793388
a43653,c1025280,0.0006198347107438017
a43653,c872025,0.00041322314049586776
a43653,c920689,0.00371900826446281
a43653,c3779373,0.0030991735537190084
a43653,c3826253,0.00020661157024793388
a43653,c792864,0.0006198347107438017
a43653,c4159328,0.00020661157024793388
a43653,c4212004,0.0022727272727272726
a43653,c3553342,0.00041322314049586776
a43653,c969872,0.0006198347107438017
a43653,c12388,0.00041322314049586776
a43653,c4785298,0.00020661157024793388
a43653,c4941954,0.0006198347107438017
a43653,c5037923,0.00041322314049586776
a43653,c724287,0.0006198347107438017
a43653,c529590,0.00041322314049586776
a43653,c5252212,0.00020661157024793388
a43653,c2389031,0.001446280991735537
a43653,c5294708,0.00041322314049586776
a43653,c5297946,0.00020661157024793388
a43653,c484481,0.00020661157024793388
a43653,c5434223,0.00020661157024793388
a43653,c5645184,0.00020661157024793388
a43653,c352006,0.00020661157024793388
a43653,c4699959,0.00020661157024793388
a43653,c6933824,0.00020661157024793388
a43653,c7115365,0.00020661157024793388
a43653,c7229600,0.00041322314049586776
a43653,c4785762,0.00020661157024793388
a43653,c2365332,0.00020661157024793388
a43653,c7490067,0.00020661157024793388
a43653,c697867,0.00020661157024793388
a43653,c7831687,0.00020661157024793388
a43653,c7853693,0.00041322314049586776
a43653,c3730794,0.00020661157024793388
a43653,c3575289,0.00020661157024793388
a43653,c7891122,0.00020661157024793388
a43653,c7904724,0.0030991735537190084
a43653,c3913714,0.00020661157024793388
a43653,c1337976,0.00020661157024793388
a43653,c1519351,0.00020661157024793388
a43653,c7172951,0.00020661157024793388
a43653,c8223479,0.00020661157024793388
a43653,c182634,0.00020661157024793388
a43653,c8657445,0.00020661157024793388
a43653,c8667270,0.00020661157024793388
a43653,c590575,0.00020661157024793388
a43653,c3059607,0.00020661157024793388
a43653,c8794789,0.00020661157024793388
a43653,c4199605,0.00020661157024793388
a43653,c3639520,0.00020661157024793388
a43653,c88785,0.00020661157024793388
a43653,c6081113,0.00020661157024793388
a43653,c2833310,0.00020661157024793388
a43653,c9497953,0.00020661157024793388
a43653,c375828,0.00020661157024793388
a43653,c2740380,0.00020661157024793388
a43653,c1531418,0.00020661157024793388
a43653,c1547341,0.0006198347107438017
a43653,c2993861,0.00020661157024793388
a43653,c126650,0.00020661157024793388
a43653,c1648576,0.00020661157024793388
a43653,c1987076,0.00020661157024793388
a43653,c457736,0.00020661157024793388
a43653,c874105,0.00020661157024793388
a43653,c5466833,0.00020661157024793388
a43653,c609131,0.00041322314049586776
a43653,c2830881,0.00020661157024793388
a43653,c1222297,0.00020661157024793388
a43653,c984040,0.00041322314049586776
a67731,c58077,0.4473684210526316
a67731,c919753,0.27631578947368424
a67731,c806027,0.013157894736842105
a67731,c675027,0.10526315789473684
a67731,c420598,0.039473684210526314
a67731,c61332,0.013157894736842105
a67731,c44607,0.02631578947368421
a67731,c8701576,0.013157894736842105
a67731,c420590,0.013157894736842105
a67731,c399408,0.013157894736842105
a67731,c9644362,0.013157894736842105
a67731,c812350,0.013157894736842105
a67731,c7949620,0.013157894736842105
a91518,c101866,0.9942528735632183
a91518,c7475217,0.005747126436781609
a118521,c132552,0.9703703703703703
a118521,c1815410,0.014814814814814815
a118521,c3475109,0.003703703703703704
a118521,c693712,0.003703703703703704
a118521,c8831079,0.003703703703703704
a118521,c1428981,0.003703703703703704
a377091,c433046,0.8846153846153846
a377091,c447604,0.038461538461538464
a377091,c549330,0.038461538461538464
a377091,c9708552,0.038461538461538464
a411189,c472526,0.028985507246376812
a411189,c724731,0.057971014492753624
a411189,c147035,0.11594202898550725
a411189,c69507,0.10144927536231885
a411189,c2148977,0.057971014492753624
a411189,c356514,0.08695652173913043
a411189,c36137,0.014492753623188406
a411189,c50106,0.014492753623188406
a411189,c428648,0.10144927536231885
a411189,c5314613,0.014492753623188406
a411189,c5448089,0.014492753623188406
a411189,c1153222,0.043478260869565216
a411189,c193214,0.014492753623188406
a411189,c6581839,0.014492753623188406
a411189,c6697971,0.014492753623188406
a411189,c1284280,0.014492753623188406
a411189,c7232264,0.014492753623188406
a411189,c274954,0.014492753623188406
a411189,c2808865,0.014492753623188406
a411189,c302921,0.014492753623188406
a411189,c32366,0.014492753623188406
a411189,c1098327,0.014492753623188406
a411189,c356521,0.014492753623188406
a411189,c7907246,0.014492753623188406
a411189,c8420437,0.014492753623188406
a411189,c505768,0.014492753623188406
a411189,c5282181,0.014492753623188406
a411189,c8858357,0.014492753623188406
a411189,c370029,0.014492753623188406
a411189,c9678052,0.014492753623188406
a411189,c2663680,0.014492753623188406
a411189,c1069524,0.014492753623188406
a411189,c25593,0.014492753623188406
a411189,c5286812,0.014492753623188406
a411189,c1170592,0.014492753623188406
a411189,c1175147,0.014492753623188406
a752362,c874060,0.7746478873239436
a752362,c438021,0.014084507042253521
a752362,c43689,0.014084507042253521
a752362,c114680,0.08450704225352113
a752362,c211849,0.014084507042253521
a752362,c1617007,0.014084507042253521
a752362,c2553181,0.014084507042253521
a752362,c351546,0.014084507042253521
a752362,c9652274,0.014084507042253521
a752362,c1227827,0.014084507042253521
a752362,c53630,0.014084507042253521
a752362,c212204,0.014084507042253521
a2478802,c960394,1.0
a2478803,c2975493,0.7083333333333334
a2478803,c396147,0.20833333333333334
a2478803,c3515594,0.041666666666666664
a2478803,c398513,0.041666666666666664
a3397319,c3982605,0.38461538461538464
a3397319,c281379,0.3076923076923077
a3397319,c281374,0.23076923076923078
a3397319,c6672851,0.07692307692307693
a8739039,c1657702,1.0
