a21,c2652,0.0006740205877082189
a21,c793,0.0006017110924877738
a21,c5108,0.0005619001613088442
a21,c60851,0.0004969943427009944
a21,c21912,0.0004945670324857652
a21,c125128,0.000493098471759937
a21,c40527,0.000492885416317848
a21,c268856,0.000492573442277646
a21,c364,0.0004925430057859191
a21,c100293,0.0004924060415731474
a21,c12854,0.000491432073837883
a21,c471724,0.0004913940282232244
a21,c265385,0.000490762471019889
a21,c69666,0.0004906787706676398
a21,c950062,0.0004905722429465951
a21,c194999,0.0004905494155777999
a21,c221489,0.0004905113699631412
a21,c1569441,0.0004905037608402093
a21,c5852455,0.0004905037608402093
a21,c238557,0.0004904733243484824
a21,c110151,0.0004904733243484824
a21,c548754,0.0004903972331191649
a21,c117476,0.0004903667966274377
a21,c530257,0.0004903439692586426
a21,c776201,0.000490328751012779
a21,c182,0.0004902330483458675
a21,c1272615,0.0004902146141688027
a21,c104294,0.0004902070050458709
a21,c310306,0.0004901917868000076
a21,c584069,0.0004901917868000076
a21,c273,0.0004901765685541439
a21,c1425675,0.0004901385229394851
a21,c5356,0.0004901309138165534
a21,c74765,0.0004901309138165534
a21,c15013,0.0004901233046936218
a21,c29669,0.0004901233046936218
a21,c76462,0.0004901233046936218
a21,c682826,0.00049011569557069
a21,c4981,0.0004901004773248266
a21,c433874,0.0004900928682018946
a21,c682827,0.0004900928682018946
a21,c470501,0.000490085259078963
a21,c25439,0.000490085259078963
a21,c81103,0.0004900776499560313
a21,c14174,0.0004900776499560313
a21,c5860,0.0004900700408330995
a21,c1029477,0.0004900700408330995
a21,c1749789,0.0004900700408330995
a21,c1375205,0.0004900700408330995
a21,c12335,0.0004900624317101677
a21,c581677,0.0004900624317101677
a21,c689481,0.0004900624317101677
a21,c5320276,0.0004900624317101677
a21,c162039,0.0004900624317101677
a21,c286402,0.0004900548225872359
a21,c89962,0.0004900548225872359
a21,c2573419,0.0004900548225872359
a21,c2637,0.0004900548225872359
a21,c24981,0.0004900472134643041
a21,c135403,0.0004900472134643041
a21,c2929680,0.0004900472134643041
a21,c459476,0.0004900472134643041
a21,c35987,0.0004900472134643041
a21,c25858,0.0004900472134643041
a21,c800779,0.0004900396043413724
a21,c61617,0.0004900396043413724
a21,c241090,0.0004900396043413724
a21,c134490,0.0004900396043413724
a21,c1134618,0.0004900396043413724
a21,c109626,0.0004900396043413724
a21,c961622,0.0004900319952184408
a21,c475963,0.0004900319952184408
a21,c2248421,0.0004900319952184408
a21,c800923,0.0004900319952184408
a21,c1228218,0.0004900319952184408
a21,c2759137,0.0004900319952184408
a21,c110138,0.000490024386095509
a21,c126910,0.000490024386095509
a21,c1612459,0.000490024386095509
a21,c606681,0.0004900167769725771
a21,c16043,0.0004900167769725771
a21,c2049386,0.0004900167769725771
a21,c137314,0.0004900167769725771
a21,c3612429,0.0004900167769725771
a21,c974956,0.0004900091678496454
a21,c609500,0.0004900091678496454
a21,c206790,0.0004900091678496454
a21,c472801,0.0004900091678496454
a21,c7497,0.0004900091678496454
a21,c3553279,0.0004900091678496454
a21,c639961,0.0004900015587267137
a21,c181164,0.0004900015587267137
a21,c147747,0.0004900015587267137
a21,c820830,0.0004900015587267137
a21,c2333743,0.0004900015587267137
a21,c1407643,0.0004900015587267137
a21,c149585,0.0004900015587267137
a21,c45096,0.0004900015587267137
a21,c940949,0.0004900015587267137
a21,c2810550,0.0004900015587267137
a21,c1155426,0.0004900015587267137
a21,c8504268,0.0004900015587267137
a21,c9133,0.0004899939496037819
a21,c573341,0.0004899939496037819
a21,c367582,0.0004899939496037819
a21,c606649,0.0004899939496037819
a21,c256642,0.0004899939496037819
a21,c15087,0.0004899939496037819
a21,c323589,0.0004899939496037819
a21,c309340,0.0004899939496037819
a21,c2101953,0.0004899939496037819
a21,c15787,0.0004899939496037819
a21,c1616665,0.0004899939496037819
a21,c4254297,0.0004899939496037819
a21,c256383,0.0004899939496037819
a21,c974953,0.0004899939496037819
a21,c1734867,0.0004899939496037819
a21,c3589670,0.0004899939496037819
a21,c240165,0.0004899863404808502
a21,c1149382,0.0004899863404808502
a21,c1092888,0.0004899863404808502
a21,c2253439,0.0004899863404808502
a21,c104878,0.0004899863404808502
a21,c865458,0.0004899863404808502
a21,c504645,0.0004899863404808502
a21,c3364957,0.0004899863404808502
a21,c154181,0.0004899863404808502
a21,c24,0.0004899863404808502
a21,c592843,0.0004899863404808502
a21,c238787,0.0004899863404808502
a21,c1096739,0.0004899863404808502
a21,c273929,0.0004899863404808502
a21,c3394,0.0004899863404808502
a21,c3612430,0.0004899863404808502
a21,c3792780,0.0004899863404808502
a21,c61097,0.0004899863404808502
a21,c5107280,0.0004899863404808502
a21,c8548180,0.0004899863404808502
a21,c3618240,0.0004899863404808502
a21,c9906153,0.0004899863404808502
a21,c213379,0.0004899787313579185
a21,c1197212,0.0004899787313579185
a21,c1291961,0.0004899787313579185
a21,c2344186,0.0004899787313579185
a21,c1584075,0.0004899787313579185
a21,c904640,0.0004899787313579185
a21,c3721,0.0004899787313579185
a21,c238702,0.0004899787313579185
a21,c588401,0.0004899787313579185
a21,c161157,0.0004899787313579185
a21,c977047,0.0004899787313579185
a21,c54954,0.0004899787313579185
a21,c606729,0.0004899787313579185
a21,c1233166,0.0004899787313579185
a21,c222909,0.0004899787313579185
a21,c113812,0.0004899787313579185
a21,c3644387,0.0004899787313579185
a21,c1632363,0.0004899787313579185
a21,c3435527,0.0004899787313579185
a21,c606688,0.0004899787313579185
a21,c224192,0.0004899787313579185
a21,c1083768,0.0004899787313579185
a21,c102552,0.0004899787313579185
a21,c578430,0.0004899787313579185
a21,c82477,0.0004899787313579185
a21,c53956,0.0004899787313579185
a21,c166631,0.0004899787313579185
a21,c4132957,0.0004899787313579185
a21,c1611277,0.0004899787313579185
a21,c417267,0.0004899787313579185
a21,c8297587,0.0004899787313579185
a21,c223952,0.0004899787313579185
a21,c266173,0.0004899711222349865
a21,c456042,0.0004899711222349865
a21,c650878,0.0004899711222349865
a21,c813319,0.0004899711222349865
a21,c307107,0.0004899711222349865
a21,c111380,0.0004899711222349865
a21,c1555847,0.0004899711222349865
a21,c8452,0.0004899711222349865
a21,c868217,0.0004899711222349865
a21,c31820,0.0004899711222349865
a21,c1665892,0.0004899711222349865
a21,c21821,0.0004899711222349865
a21,c621272,0.0004899711222349865
a21,c3259637,0.0004899711222349865
a21,c759634,0.0004899711222349865
a21,c22863,0.0004899711222349865
a21,c3564908,0.0004899711222349865
a21,c1156183,0.0004899711222349865
a21,c788588,0.0004899711222349865
a21,c1376724,0.0004899711222349865
a21,c9105,0.0004899711222349865
a21,c2536173,0.0004899711222349865
a21,c131349,0.0004899711222349865
a21,c656869,0.0004899711222349865
a21,c71598,0.0004899711222349865
a21,c271439,0.0004899711222349865
a21,c4740030,0.0004899711222349865
a21,c11802,0.0004899711222349865
a21,c911885,0.0004899711222349865
a21,c832257,0.0004899711222349865
a21,c1616664,0.0004899711222349865
a21,c1092182,0.0004899711222349865
a21,c5271356,0.0004899711222349865
a21,c851702,0.0004899711222349865
a21,c5373311,0.0004899711222349865
a21,c1487765,0.0004899711222349865
a21,c3682139,0.0004899711222349865
a21,c796379,0.0004899711222349865
a21,c5572320,0.0004899711222349865
a21,c750489,0.0004899711222349865
a21,c5668134,0.0004899711222349865
a21,c1299773,0.0004899711222349865
a21,c5994331,0.0004899711222349865
a21,c6037701,0.0004899711222349865
a21,c3535555,0.0004899711222349865
a21,c6221500,0.0004899711222349865
a21,c6431875,0.0004899711222349865
a21,c6556022,0.0004899711222349865
a21,c575113,0.0004899711222349865
a21,c832238,0.0004899711222349865
a21,c426844,0.0004899711222349865
a21,c5415664,0.0004899711222349865
a21,c4467,0.0004899711222349865
a21,c9609,0.0004899711222349865
a21,c1838303,0.0004899711222349865
a21,c4992089,0.0004899711222349865
a21,c1161267,0.0004899711222349865
a21,c746078,0.0004899711222349865
a21,c140809,0.0004899711222349865
a21,c237339,0.0004899711222349865
a21,c118899,0.0004899711222349865
a21,c8032174,0.0004899711222349865
a21,c1639643,0.0004899711222349865
a21,c287543,0.0004899711222349865
a21,c1544319,0.0004899711222349865
a21,c402196,0.0004899711222349865
a21,c2465705,0.0004899711222349865
a21,c4613965,0.0004899711222349865
a21,c743745,0.0004899711222349865
a21,c5601727,0.0004899711222349865
a21,c769499,0.0004899711222349865
a21,c583118,0.0004899711222349865
a21,c247,0.0004899711222349865
a21,c9011565,0.0004899711222349865
a21,c107306,0.0004899711222349865
a21,c8780354,0.0004899711222349865
a21,c15431,0.0004899711222349865
a21,c22,0.000489963513112055
a21,c48572,0.000489963513112055
a21,c129893,0.000489963513112055
a21,c55716,0.000489963513112055
a21,c430192,0.000489963513112055
a21,c665821,0.000489963513112055
a21,c733186,0.000489963513112055
a21,c769005,0.000489963513112055
a21,c990067,0.000489963513112055
a21,c606644,0.000489963513112055
a21,c1352273,0.000489963513112055
a21,c62141,0.000489963513112055
a21,c1238178,0.000489963513112055
a21,c80491,0.000489963513112055
a21,c1440350,0.000489963513112055
a21,c410423,0.000489963513112055
a21,c360804,0.000489963513112055
a21,c33950,0.000489963513112055
a21,c281292,0.000489963513112055
a21,c1511,0.000489963513112055
a21,c1641186,0.000489963513112055
a21,c1649564,0.000489963513112055
a21,c1901589,0.000489963513112055
a21,c1961386,0.000489963513112055
a21,c2000077,0.000489963513112055
a21,c2066252,0.000489963513112055
a21,c2174367,0.000489963513112055
a21,c3210,0.000489963513112055
a21,c1140,0.000489963513112055
a21,c2413317,0.000489963513112055
a21,c606715,0.000489963513112055
a21,c2675585,0.000489963513112055
a21,c2713581,0.000489963513112055
a21,c2713587,0.000489963513112055
a21,c2834005,0.000489963513112055
a21,c1189346,0.000489963513112055
a21,c518893,0.000489963513112055
a21,c104414,0.000489963513112055
a21,c3276291,0.000489963513112055
a21,c199849,0.000489963513112055
a21,c3414671,0.000489963513112055
a21,c3464204,0.000489963513112055
a21,c3557335,0.000489963513112055
a21,c736837,0.000489963513112055
a21,c3642321,0.000489963513112055
a21,c3682070,0.000489963513112055
a21,c3702672,0.000489963513112055
a21,c102280,0.000489963513112055
a21,c452935,0.000489963513112055
a21,c525400,0.000489963513112055
a21,c1319766,0.000489963513112055
a21,c3926949,0.000489963513112055
a21,c197,0.000489963513112055
a21,c511447,0.000489963513112055
a21,c181170,0.000489963513112055
a21,c4020882,0.000489963513112055
a21,c23701,0.000489963513112055
a21,c4084137,0.000489963513112055
a21,c643865,0.000489963513112055
a21,c4205672,0.000489963513112055
a21,c4241628,0.000489963513112055
a21,c4249398,0.000489963513112055
a21,c4250163,0.000489963513112055
a21,c3819107,0.000489963513112055
a21,c112444,0.000489963513112055
a21,c4521684,0.000489963513112055
a21,c2218385,0.000489963513112055
a21,c4628989,0.000489963513112055
a21,c533,0.000489963513112055
a21,c1288411,0.000489963513112055
a21,c2153018,0.000489963513112055
a21,c4692799,0.000489963513112055
a21,c4007126,0.000489963513112055
a21,c4755035,0.000489963513112055
a21,c4782114,0.000489963513112055
a21,c4785263,0.000489963513112055
a21,c3749758,0.000489963513112055
a21,c225747,0.000489963513112055
a21,c4875571,0.000489963513112055
a21,c4878599,0.000489963513112055
a21,c134209,0.000489963513112055
a21,c4915252,0.000489963513112055
a21,c3190475,0.000489963513112055
a21,c1732736,0.000489963513112055
a21,c525583,0.000489963513112055
a21,c316911,0.000489963513112055
a21,c5032626,0.000489963513112055
a21,c2875781,0.000489963513112055
a21,c239432,0.000489963513112055
a21,c1130017,0.000489963513112055
a21,c27483,0.000489963513112055
a21,c2937764,0.000489963513112055
a21,c5120774,0.000489963513112055
a21,c4953384,0.000489963513112055
a21,c4136808,0.000489963513112055
a21,c5155127,0.000489963513112055
a21,c5170538,0.000489963513112055
a21,c1095335,0.000489963513112055
a21,c1339526,0.000489963513112055
a21,c2159247,0.000489963513112055
a21,c50139,0.000489963513112055
a21,c511654,0.000489963513112055
a21,c444452,0.000489963513112055
a21,c3476953,0.000489963513112055
a21,c5260933,0.000489963513112055
a21,c2600299,0.000489963513112055
a21,c2103135,0.000489963513112055
a21,c560937,0.000489963513112055
a21,c220892,0.000489963513112055
a21,c289320,0.000489963513112055
a21,c4014367,0.000489963513112055
a21,c992004,0.000489963513112055
a21,c3506956,0.000489963513112055
a21,c222262,0.000489963513112055
a21,c5586193,0.000489963513112055
a21,c1410981,0.000489963513112055
a21,c426595,0.000489963513112055
a21,c5769333,0.000489963513112055
a21,c606731,0.000489963513112055
a21,c5799717,0.000489963513112055
a21,c5824061,0.000489963513112055
a21,c3316267,0.000489963513112055
a21,c6021079,0.000489963513112055
a21,c6081188,0.000489963513112055
a21,c1023370,0.000489963513112055
a21,c87368,0.000489963513112055
a21,c365802,0.000489963513112055
a21,c460249,0.000489963513112055
a21,c846390,0.000489963513112055
a21,c13729,0.000489963513112055
a21,c4726954,0.000489963513112055
a21,c816864,0.000489963513112055
a21,c800787,0.000489963513112055
a21,c6684054,0.000489963513112055
a21,c2826228,0.000489963513112055
a21,c6770668,0.000489963513112055
a21,c6880609,0.000489963513112055
a21,c213089,0.000489963513112055
a21,c2090976,0.000489963513112055
a21,c6957133,0.000489963513112055
a21,c163188,0.000489963513112055
a21,c7001369,0.000489963513112055
a21,c7023154,0.000489963513112055
a21,c683990,0.000489963513112055
a21,c7048478,0.000489963513112055
a21,c279086,0.000489963513112055
a21,c2418166,0.000489963513112055
a21,c7102959,0.000489963513112055
a21,c7113435,0.000489963513112055
a21,c7113436,0.000489963513112055
a21,c7113438,0.000489963513112055
a21,c7120522,0.000489963513112055
a21,c102555,0.000489963513112055
a21,c3810519,0.000489963513112055
a21,c5107880,0.000489963513112055
a21,c268882,0.000489963513112055
a21,c7215517,0.000489963513112055
a21,c4210650,0.000489963513112055
a21,c7248589,0.000489963513112055
a21,c5474755,0.000489963513112055
a21,c1639642,0.000489963513112055
a21,c7276434,0.000489963513112055
a21,c1382708,0.000489963513112055
a21,c1352526,0.000489963513112055
a21,c74720,0.000489963513112055
a21,c50967,0.000489963513112055
a21,c1552524,0.000489963513112055
a21,c1585231,0.000489963513112055
a21,c594826,0.000489963513112055
a21,c7341522,0.000489963513112055
a21,c7345297,0.000489963513112055
a21,c7353779,0.000489963513112055
a21,c2179745,0.000489963513112055
a21,c7278866,0.000489963513112055
a21,c124925,0.000489963513112055
a21,c7536945,0.000489963513112055
a21,c596655,0.000489963513112055
a21,c40806,0.000489963513112055
a21,c7645345,0.000489963513112055
a21,c7645348,0.000489963513112055
a21,c7645350,0.000489963513112055
a21,c7645352,0.000489963513112055
a21,c7695529,0.000489963513112055
a21,c7701988,0.000489963513112055
a21,c524798,0.000489963513112055
a21,c317927,0.000489963513112055
a21,c260327,0.000489963513112055
a21,c7788358,0.000489963513112055
a21,c7797115,0.000489963513112055
a21,c3031609,0.000489963513112055
a21,c7058438,0.000489963513112055
a21,c6801731,0.000489963513112055
a21,c902862,0.000489963513112055
a21,c3627694,0.000489963513112055
a21,c4358930,0.000489963513112055
a21,c1604945,0.000489963513112055
a21,c7854247,0.000489963513112055
a21,c2734707,0.000489963513112055
a21,c7937624,0.000489963513112055
a21,c7945204,0.000489963513112055
a21,c7089,0.000489963513112055
a21,c8029296,0.000489963513112055
a21,c8029299,0.000489963513112055
a21,c8029301,0.000489963513112055
a21,c8029303,0.000489963513112055
a21,c8029304,0.000489963513112055
a21,c8029315,0.000489963513112055
a21,c8039123,0.000489963513112055
a21,c51480,0.000489963513112055
a21,c276851,0.000489963513112055
a21,c5615697,0.000489963513112055
a21,c4411165,0.000489963513112055
a21,c8110449,0.000489963513112055
a21,c430836,0.000489963513112055
a21,c1308732,0.000489963513112055
a21,c8229854,0.000489963513112055
a21,c4597594,0.000489963513112055
a21,c3750803,0.000489963513112055
a21,c6640404,0.000489963513112055
a21,c129885,0.000489963513112055
a21,c4453079,0.000489963513112055
a21,c1224522,0.000489963513112055
a21,c782034,0.000489963513112055
a21,c8473820,0.000489963513112055
a21,c83595,0.000489963513112055
a21,c3736612,0.000489963513112055
a21,c1495377,0.000489963513112055
a21,c3807038,0.000489963513112055
a21,c175208,0.000489963513112055
a21,c191208,0.000489963513112055
a21,c2461073,0.000489963513112055
a21,c1229692,0.000489963513112055
a21,c8699660,0.000489963513112055
a21,c991998,0.000489963513112055
a21,c8721998,0.000489963513112055
a21,c8740512,0.000489963513112055
a21,c632287,0.000489963513112055
a21,c4123262,0.000489963513112055
a21,c8777305,0.000489963513112055
a21,c7243424,0.000489963513112055
a21,c5424888,0.000489963513112055
a21,c8806269,0.000489963513112055
a21,c41364,0.000489963513112055
a21,c4494912,0.000489963513112055
a21,c8829635,0.000489963513112055
a21,c1713592,0.000489963513112055
a21,c8842184,0.000489963513112055
a21,c4691230,0.000489963513112055
a21,c1212920,0.000489963513112055
a21,c7488441,0.000489963513112055
a21,c8678790,0.000489963513112055
a21,c1632358,0.000489963513112055
a21,c494824,0.000489963513112055
a21,c59111,0.000489963513112055
a21,c3585612,0.000489963513112055
a21,c8888499,0.000489963513112055
a21,c74338,0.000489963513112055
a21,c646549,0.000489963513112055
a21,c9012281,0.000489963513112055
a21,c161154,0.000489963513112055
a21,c4965846,0.000489963513112055
a21,c258422,0.000489963513112055
a21,c476572,0.000489963513112055
a21,c9099798,0.000489963513112055
a21,c2903137,0.000489963513112055
a21,c4497442,0.000489963513112055
a21,c9195946,0.000489963513112055
a21,c9248625,0.000489963513112055
a21,c256618,0.000489963513112055
a21,c6707347,0.000489963513112055
a21,c9295495,0.000489963513112055
a21,c1581308,0.000489963513112055
a21,c9335641,0.000489963513112055
a21,c474905,0.000489963513112055
a21,c1391236,0.000489963513112055
a21,c9389879,0.000489963513112055
a21,c5289498,0.000489963513112055
a21,c563692,0.000489963513112055
a21,c4005209,0.000489963513112055
a21,c9436305,0.000489963513112055
a21,c78110,0.000489963513112055
a21,c9511723,0.000489963513112055
a21,c9541402,0.000489963513112055
a21,c4376900,0.000489963513112055
a21,c920166,0.000489963513112055
a21,c567435,0.000489963513112055
a21,c9635000,0.000489963513112055
a21,c9635672,0.000489963513112055
a21,c9644675,0.000489963513112055
a21,c4893781,0.000489963513112055
a21,c3512599,0.000489963513112055
a21,c9662033,0.000489963513112055
a21,c3095521,0.000489963513112055
a21,c515793,0.000489963513112055
a21,c473,0.000489963513112055
a21,c707881,0.000489963513112055
a21,c1449614,0.000489963513112055
a21,c128821,0.000489963513112055
a21,c1493874,0.000489963513112055
a21,c8567649,0.000489963513112055
a21,c659004,0.000489963513112055
a21,c803491,0.000489963513112055
a21,c2602885,0.000489963513112055
a21,c9782372,0.000489963513112055
a21,c17667,0.000489963513112055
a21,c36768,0.000489963513112055
a21,c1368435,0.000489963513112055
a21,c8047370,0.000489963513112055
a21,c9802861,0.000489963513112055
a21,c4275962,0.000489963513112055
a21,c1189442,0.000489963513112055
a21,c163770,0.000489963513112055
a21,c50164,0.000489963513112055
a21,c9848281,0.000489963513112055
a21,c398547,0.000489963513112055
a21,c1584080,0.000489963513112055
a21,c9886345,0.000489963513112055
a21,c7028163,0.000489963513112055
a21,c6887722,0.000489963513112055
a21,c9925082,0.000489963513112055
a21,c25342,0.000489963513112055
a21,c242,0.000489963513112055
a21,c199204,0.000489963513112055
a21,c174944,0.000489963513112055
a21,c4522531,0.000489963513112055
a21,c2467456,0.000489963513112055
a21,c9995502,0.000489963513112055
a21,c5252841,0.000489963513112055
a21,c10032765,0.000489963513112055
a21,c47071,0.000489963513112055
a21,c599985,0.000489963513112055
a21,c1438503,0.000489963513112055
a21,c10108308,0.000489963513112055
a21,c164823,0.000489963513112055
a21,c799447,0.000489963513112055
a21,c284,0.000489963513112055
a21,c546224,0.000489963513112055
a21,c3396711,0.000489963513112055
a21,c10190012,0.000489963513112055
a21,c10237776,0.000489963513112055
a3132,c3360,0.0006589861950087744
a3132,c44607,0.0005713702035301623
a3132,c59984,0.0005469615988809223
a3132,c215365,0.0005244955475428675
a3132,c12553,0.000509976670827798
a3132,c21191,0.0005041691201417702
a3132,c2229965,0.0004936238307381934
a3132,c960742,0.0004934710004569821
a3132,c1845667,0.0004930125096133482
a3132,c1055288,0.0004928596793321371
a3132,c151269,0.0004919426976448694
a3132,c161680,0.0004917898673636583
a3132,c1543638,0.0004914842068012358
a3132,c319125,0.0004913313765200245
a3132,c842405,0.0004911785462388133
a3132,c211337,0.0004911785462388133
a3132,c7574,0.000491025715957602
a3132,c5905903,0.0004908728856763906
a3132,c482736,0.0004907200553951795
a3132,c3300746,0.0004907200553951795
a3132,c3615455,0.0004907200553951795
a3132,c2134797,0.0004905672251139682
a3132,c2800852,0.0004905672251139682
a3132,c2958036,0.0004905672251139682
a3132,c5344064,0.0004905672251139682
a3132,c815479,0.0004905672251139682
a3132,c3506519,0.0004905672251139682
a3132,c85557,0.0004905672251139682
a3132,c3708399,0.000490414394832757
a3132,c4673772,0.000490414394832757
a3132,c908196,0.000490414394832757
a3132,c38002,0.000490414394832757
a3132,c9270116,0.000490414394832757
a3132,c24202,0.0004902615645515457
a3132,c303937,0.0004902615645515457
a3132,c401661,0.0004902615645515457
a3132,c347446,0.0004902615645515457
a3132,c1500959,0.0004902615645515457
a3132,c1411180,0.0004902615645515457
a3132,c1561418,0.0004902615645515457
a3132,c14196,0.0004902615645515457
a3132,c945280,0.0004902615645515457
a3132,c4252407,0.0004902615645515457
a3132,c4477413,0.0004902615645515457
a3132,c4610272,0.0004902615645515457
a3132,c3988025,0.0004902615645515457
a3132,c5123747,0.0004902615645515457
a3132,c5193693,0.0004902615645515457
a3132,c5655710,0.0004902615645515457
a3132,c1669687,0.0004902615645515457
a3132,c5384796,0.0004902615645515457
a3132,c5966016,0.0004902615645515457
a3132,c6765315,0.0004902615645515457
a3132,c7298218,0.0004902615645515457
a3132,c1574916,0.0004902615645515457
a3132,c7906905,0.0004902615645515457
a3132,c5243414,0.0004902615645515457
a3132,c3015336,0.0004902615645515457
a3132,c8575634,0.0004902615645515457
a3132,c562832,0.0004902615645515457
a3132,c72825,0.0004901087342703345
a3132,c1505200,0.0004901087342703345
a3132,c1729867,0.0004901087342703345
a3132,c1080854,0.0004901087342703345
a3132,c58091,0.0004901087342703345
a3132,c3415799,0.0004901087342703345
a3132,c3628235,0.0004901087342703345
a3132,c3675900,0.0004901087342703345
a3132,c3748806,0.0004901087342703345
a3132,c3759439,0.0004901087342703345
a3132,c3868638,0.0004901087342703345
a3132,c3999870,0.0004901087342703345
a3132,c4159329,0.0004901087342703345
a3132,c4244681,0.0004901087342703345
a3132,c4318453,0.0004901087342703345
a3132,c4414334,0.0004901087342703345
a3132,c4819087,0.0004901087342703345
a3132,c1707954,0.0004901087342703345
a3132,c3925017,0.0004901087342703345
a3132,c5185673,0.0004901087342703345
a3132,c5332766,0.0004901087342703345
a3132,c2801408,0.0004901087342703345
a3132,c5416549,0.0004901087342703345
a3132,c5478975,0.0004901087342703345
a3132,c692037,0.0004901087342703345
a3132,c559421,0.0004901087342703345
a3132,c5813046,0.0004901087342703345
a3132,c4821110,0.0004901087342703345
a3132,c816970,0.0004901087342703345
a3132,c2294698,0.0004901087342703345
a3132,c786510,0.0004901087342703345
a3132,c5014582,0.0004901087342703345
a3132,c3796726,0.0004901087342703345
a3132,c4767263,0.0004901087342703345
a3132,c7650540,0.0004901087342703345
a3132,c100992,0.0004901087342703345
a3132,c7734581,0.0004901087342703345
a3132,c7747374,0.0004901087342703345
a3132,c313405,0.0004901087342703345
a3132,c7954764,0.0004901087342703345
a3132,c5303209,0.0004901087342703345
a3132,c8090522,0.0004901087342703345
a3132,c773750,0.0004901087342703345
a3132,c5500983,0.0004901087342703345
a3132,c8629398,0.0004901087342703345
a3132,c4016591,0.0004901087342703345
a3132,c6096223,0.0004901087342703345
a3132,c4212763,0.0004901087342703345
a3132,c8276997,0.0004901087342703345
a3132,c8871671,0.0004901087342703345
a3132,c494430,0.0004901087342703345
a3132,c9247146,0.0004901087342703345
a3132,c9467507,0.0004901087342703345
a3132,c2290167,0.0004901087342703345
a3132,c9559691,0.0004901087342703345
a3132,c3615459,0.0004901087342703345
a3132,c9678867,0.0004901087342703345
a3132,c9719666,0.0004901087342703345
a3132,c9887094,0.0004901087342703345
a3132,c9887474,0.0004901087342703345
a3132,c5090892,0.0004901087342703345
a3132,c4533597,0.0004901087342703345
a3132,c10003540,0.0004901087342703345
a3132,c2894124,0.0004901087342703345
a5458,c5931,0.0008151519069625645
a5458,c43768,0.0005324713605080217
a5458,c282943,0.0004986479528774313
a5458,c536031,0.0004960970254862973
a5458,c1845668,0.0004934516193028993
a5458,c445599,0.0004925068313802571
a5458,c654934,0.0004923178737957286
a5458,c865159,0.0004912786070808223
a5458,c1648110,0.0004909951707040295
a5458,c672502,0.0004909006919117654
a5458,c1642594,0.0004908062131195011
a5458,c2958039,0.0004906172555349726
a5458,c3684335,0.0004906172555349726
a5458,c1320542,0.0004905227767427085
a5458,c777751,0.0004905227767427085
a5458,c2647596,0.0004905227767427085
a5458,c2928996,0.0004905227767427085
a5458,c3834645,0.0004905227767427085
a5458,c890713,0.0004904282979504443
a5458,c1312343,0.0004904282979504443
a5458,c668254,0.0004904282979504443
a5458,c2348089,0.00049033381915818
a5458,c881907,0.00049033381915818
a5458,c1320541,0.00049033381915818
a5458,c6185051,0.00049033381915818
a5458,c1211525,0.0004902393403659157
a5458,c1518036,0.0004902393403659157
a5458,c979025,0.0004902393403659157
a5458,c3122507,0.0004902393403659157
a5458,c3576407,0.0004902393403659157
a5458,c657473,0.0004902393403659157
a5458,c6248123,0.0004902393403659157
a5458,c515049,0.0004902393403659157
a5458,c2167392,0.0004902393403659157
a5458,c364949,0.0004901448615736516
a5458,c1090668,0.0004901448615736516
a5458,c643622,0.0004901448615736516
a5458,c1570860,0.0004901448615736516
a5458,c439545,0.0004901448615736516
a5458,c2155893,0.0004901448615736516
a5458,c3653547,0.0004901448615736516
a5458,c5332636,0.0004901448615736516
a5458,c5913321,0.0004901448615736516
a5458,c6962346,0.0004901448615736516
a5458,c7042209,0.0004901448615736516
a5458,c119026,0.0004901448615736516
a5458,c3071583,0.0004901448615736516
a5458,c845029,0.0004901448615736516
a5458,c8717607,0.0004901448615736516
a5458,c119017,0.0004901448615736516
a5458,c3571084,0.0004901448615736516
a5458,c602014,0.0004900503827813872
a5458,c644309,0.0004900503827813872
a5458,c1230067,0.0004900503827813872
a5458,c1655525,0.0004900503827813872
a5458,c2161766,0.0004900503827813872
a5458,c2782618,0.0004900503827813872
a5458,c815595,0.0004900503827813872
a5458,c3119365,0.0004900503827813872
a5458,c3574713,0.0004900503827813872
a5458,c3584515,0.0004900503827813872
a5458,c3743703,0.0004900503827813872
a5458,c1155676,0.0004900503827813872
a5458,c4057550,0.0004900503827813872
a5458,c3752590,0.0004900503827813872
a5458,c515051,0.0004900503827813872
a5458,c4206648,0.0004900503827813872
a5458,c4263054,0.0004900503827813872
a5458,c4464601,0.0004900503827813872
a5458,c1412491,0.0004900503827813872
a5458,c5220005,0.0004900503827813872
a5458,c5320392,0.0004900503827813872
a5458,c5203245,0.0004900503827813872
a5458,c5472779,0.0004900503827813872
a5458,c5593197,0.0004900503827813872
a5458,c216938,0.0004900503827813872
a5458,c5866736,0.0004900503827813872
a5458,c6270936,0.0004900503827813872
a5458,c6625254,0.0004900503827813872
a5458,c6488521,0.0004900503827813872
a5458,c554221,0.0004900503827813872
a5458,c5988624,0.0004900503827813872
a5458,c6783620,0.0004900503827813872
a5458,c846793,0.0004900503827813872
a5458,c2167390,0.0004900503827813872
a5458,c7149206,0.0004900503827813872
a5458,c873045,0.0004900503827813872
a5458,c7575875,0.0004900503827813872
a5458,c58079,0.0004900503827813872
a5458,c4347392,0.0004900503827813872
a5458,c4059231,0.0004900503827813872
a5458,c7831686,0.0004900503827813872
a5458,c7505701,0.0004900503827813872
a5458,c7870148,0.0004900503827813872
a5458,c7873069,0.0004900503827813872
a5458,c7881195,0.0004900503827813872
a5458,c4571741,0.0004900503827813872
a5458,c7054458,0.0004900503827813872
a5458,c4137604,0.0004900503827813872
a5458,c2852776,0.0004900503827813872
a5458,c8164752,0.0004900503827813872
a5458,c8221251,0.0004900503827813872
a5458,c3660168,0.0004900503827813872
a5458,c540787,0.0004900503827813872
a5458,c8627498,0.0004900503827813872
a5458,c8629421,0.0004900503827813872
a5458,c2348084,0.0004900503827813872
a5458,c8743812,0.0004900503827813872
a5458,c220131,0.0004900503827813872
a5458,c8768207,0.0004900503827813872
a5458,c145789,0.0004900503827813872
a5458,c2088965,0.0004900503827813872
a5458,c6044266,0.0004900503827813872
a5458,c2944684,0.0004900503827813872
a5458,c8849299,0.0004900503827813872
a5458,c169096,0.0004900503827813872
a5458,c8866822,0.0004900503827813872
a5458,c5832754,0.0004900503827813872
a5458,c8872620,0.0004900503827813872
a5458,c8876493,0.0004900503827813872
a5458,c3257984,0.0004900503827813872
a5458,c8891161,0.0004900503827813872
a5458,c9076574,0.0004900503827813872
a5458,c9094419,0.0004900503827813872
a5458,c9076572,0.0004900503827813872
a5458,c7398234,0.0004900503827813872
a5458,c8189913,0.0004900503827813872
a5458,c1753433,0.0004900503827813872
a5458,c678352,0.0004900503827813872
a5458,c8884788,0.0004900503827813872
a5458,c4020844,0.0004900503827813872
a5458,c4219198,0.0004900503827813872
a5458,c4016121,0.0004900503827813872
a5458,c119015,0.0004900503827813872
a5458,c4259208,0.0004900503827813872
a5458,c6122472,0.0004900503827813872
a5458,c5442264,0.0004900503827813872
a5458,c5298544,0.0004900503827813872
a5458,c3556877,0.0004900503827813872
a5458,c9949658,0.0004900503827813872
a5458,c10241138,0.0004900503827813872
a6549,c18352,0.0006073861103674046
a6549,c307,0.0005573582231891479
a6549,c94,0.0005405076433891418
a6549,c3407,0.0005128307843393906
a6549,c235,0.0005095130536015656
a6549,c26401,0.0005063699402709944
a6549,c141770,0.0005011314180533759
a6549,c591774,0.0005003456397207332
a6549,c1580,0.0004932736347269483
a6549,c9636,0.0004921386215797975
a6549,c42115,0.0004917020780616627
a6549,c16245,0.0004916147693580356
a6549,c276000,0.0004914401519507817
a6549,c79610,0.0004912655345435278
a6549,c13513,0.0004911782258399008
a6549,c1234989,0.0004911782258399008
a6549,c34525,0.0004911782258399008
a6549,c49580,0.0004911782258399008
a6549,c14637,0.0004910909171362738
a6549,c28620,0.0004910909171362738
a6549,c13514,0.0004910909171362738
a6549,c178949,0.0004910909171362738
a6549,c10477,0.0004910909171362738
a6549,c15901,0.0004910036084326468
a6549,c112663,0.0004910036084326468
a6549,c84,0.0004910036084326468
a6549,c2777,0.0004909162997290199
a6549,c2836,0.0004909162997290199
a6549,c25459,0.0004908289910253929
a6549,c50658,0.000490741682321766
a6549,c179141,0.000490741682321766
a6549,c11220,0.000490741682321766
a6549,c113048,0.000490741682321766
a6549,c179020,0.0004906543736181389
a6549,c23700,0.0004906543736181389
a6549,c23220,0.0004906543736181389
a6549,c332932,0.0004906543736181389
a6549,c237242,0.000490567064914512
a6549,c51947,0.000490567064914512
a6549,c91176,0.0004904797562108851
a6549,c34464,0.0004904797562108851
a6549,c16134,0.0004904797562108851
a6549,c1488734,0.0004904797562108851
a6549,c229420,0.0004904797562108851
a6549,c182042,0.0004904797562108851
a6549,c42576,0.0004904797562108851
a6549,c40120,0.0004904797562108851
a6549,c100424,0.0004904797562108851
a6549,c13458,0.0004903924475072579
a6549,c1518664,0.0004903924475072579
a6549,c1237751,0.0004903924475072579
a6549,c2090298,0.0004903924475072579
a6549,c625997,0.000490305138803631
a6549,c16132,0.000490305138803631
a6549,c395403,0.000490305138803631
a6549,c106799,0.000490305138803631
a6549,c26080,0.000490305138803631
a6549,c73683,0.000490305138803631
a6549,c53301,0.000490305138803631
a6549,c247961,0.000490305138803631
a6549,c547818,0.000490305138803631
a6549,c2864297,0.000490305138803631
a6549,c352735,0.000490305138803631
a6549,c893566,0.000490305138803631
a6549,c182,0.0004902330483458675
a6549,c26249,0.0004902178301000042
a6549,c141404,0.0004902178301000042
a6549,c138426,0.0004902178301000042
a6549,c91362,0.0004902178301000042
a6549,c276867,0.0004902178301000042
a6549,c140792,0.0004902178301000042
a6549,c61611,0.0004902178301000042
a6549,c241522,0.0004902178301000042
a6549,c108751,0.0004902178301000042
a6549,c296385,0.0004902178301000042
a6549,c964162,0.0004902178301000042
a6549,c589492,0.0004902178301000042
a6549,c62035,0.0004902178301000042
a6549,c103419,0.0004902178301000042
a6549,c69790,0.0004902178301000042
a6549,c286759,0.0004902178301000042
a6549,c125798,0.0004902178301000042
a6549,c766133,0.0004902178301000042
a6549,c875180,0.0004902178301000042
a6549,c61634,0.0004902178301000042
a6549,c1129139,0.0004902178301000042
a6549,c137122,0.0004902178301000042
a6549,c714963,0.0004902178301000042
a6549,c1120987,0.0004902178301000042
a6549,c326876,0.0004902178301000042
a6549,c130239,0.0004902178301000042
a6549,c104950,0.0004902178301000042
a6549,c13385,0.0004902178301000042
a6549,c564796,0.0004902178301000042
a6549,c12891,0.0004902178301000042
a6549,c18474,0.0004902178301000042
a6549,c8825384,0.0004902178301000042
a6549,c652801,0.0004902178301000042
a6549,c49754,0.0004902178301000042
a6549,c93561,0.0004901305213963772
a6549,c5256,0.0004901305213963772
a6549,c16944,0.0004901305213963772
a6549,c453664,0.0004901305213963772
a6549,c686715,0.0004901305213963772
a6549,c189841,0.0004901305213963772
a6549,c35940,0.0004901305213963772
a6549,c1475739,0.0004901305213963772
a6549,c2092579,0.0004901305213963772
a6549,c225170,0.0004901305213963772
a6549,c52479,0.0004901305213963772
a6549,c228466,0.0004901305213963772
a6549,c98770,0.0004901305213963772
a6549,c2483676,0.0004901305213963772
a6549,c155552,0.0004901305213963772
a6549,c352038,0.0004901305213963772
a6549,c15820,0.0004901305213963772
a6549,c85242,0.0004901305213963772
a6549,c62028,0.0004901305213963772
a6549,c799443,0.0004901305213963772
a6549,c694718,0.0004901305213963772
a6549,c326880,0.0004901305213963772
a6549,c512626,0.0004901305213963772
a6549,c94036,0.0004901305213963772
a6549,c107420,0.0004901305213963772
a6549,c4052616,0.0004901305213963772
a6549,c669066,0.0004901305213963772
a6549,c513497,0.0004901305213963772
a6549,c61610,0.0004901305213963772
a6549,c1622590,0.0004901305213963772
a6549,c994148,0.0004901305213963772
a6549,c1857,0.0004901305213963772
a6549,c147062,0.0004901305213963772
a6549,c4248,0.0004901305213963772
a6549,c1234840,0.0004901305213963772
a6549,c118875,0.0004901305213963772
a6549,c344311,0.0004901305213963772
a6549,c31510,0.0004901305213963772
a6549,c203681,0.0004901305213963772
a6549,c5450062,0.0004901305213963772
a6549,c5251156,0.0004901305213963772
a6549,c1082663,0.0004901305213963772
a6549,c441963,0.0004901305213963772
a6549,c5467072,0.0004901305213963772
a6549,c257064,0.0004901305213963772
a6549,c1021379,0.0004901305213963772
a6549,c51535,0.0004901305213963772
a6549,c1034078,0.0004901305213963772
a6549,c5280382,0.0004901305213963772
a6549,c539748,0.0004901305213963772
a6549,c352819,0.0004901305213963772
a6549,c928064,0.0004901305213963772
a6549,c1394798,0.0004901305213963772
a6549,c743210,0.0004901305213963772
a6549,c7351882,0.0004901305213963772
a6549,c660059,0.0004901305213963772
a6549,c531669,0.0004901305213963772
a6549,c1647406,0.0004901305213963772
a6549,c2907249,0.0004901305213963772
a6549,c108927,0.0004901305213963772
a6549,c1357681,0.0004901305213963772
a6549,c1729997,0.0004901305213963772
a6549,c143481,0.0004901305213963772
a6549,c418319,0.0004901305213963772
a6549,c182816,0.0004901305213963772
a6549,c278525,0.0004901305213963772
a6549,c8616742,0.0004901305213963772
a6549,c632282,0.0004901305213963772
a6549,c7207089,0.0004901305213963772
a6549,c1875213,0.0004901305213963772
a6549,c2241482,0.0004901305213963772
a6549,c2077378,0.0004901305213963772
a6549,c359436,0.0004901305213963772
a6549,c5197755,0.0004901305213963772
a6549,c115324,0.0004901305213963772
a6549,c385429,0.0004901305213963772
a6549,c10030249,0.0004901305213963772
a6549,c143495,0.00049004321269275
a6549,c156069,0.00049004321269275
a6549,c242924,0.00049004321269275
a6549,c256055,0.00049004321269275
a6549,c411068,0.00049004321269275
a6549,c632842,0.00049004321269275
a6549,c769011,0.00049004321269275
a6549,c300643,0.00049004321269275
a6549,c743213,0.00049004321269275
a6549,c1181660,0.00049004321269275
a6549,c1209192,0.00049004321269275
a6549,c1211351,0.00049004321269275
a6549,c1211362,0.00049004321269275
a6549,c1218055,0.00049004321269275
a6549,c1247606,0.00049004321269275
a6549,c239157,0.00049004321269275
a6549,c1277825,0.00049004321269275
a6549,c81062,0.00049004321269275
a6549,c1460940,0.00049004321269275
a6549,c1488735,0.00049004321269275
a6549,c295282,0.00049004321269275
a6549,c1514511,0.00049004321269275
a6549,c78587,0.00049004321269275
a6549,c98771,0.00049004321269275
a6549,c52,0.00049004321269275
a6549,c1589710,0.00049004321269275
a6549,c9063,0.00049004321269275
a6549,c1166082,0.00049004321269275
a6549,c1876691,0.00049004321269275
a6549,c2033930,0.00049004321269275
a6549,c2042594,0.00049004321269275
a6549,c23761,0.00049004321269275
a6549,c1795773,0.00049004321269275
a6549,c138506,0.00049004321269275
a6549,c308864,0.00049004321269275
a6549,c727900,0.00049004321269275
a6549,c1008430,0.00049004321269275
a6549,c2666520,0.00049004321269275
a6549,c2745557,0.00049004321269275
a6549,c2773092,0.00049004321269275
a6549,c627679,0.00049004321269275
a6549,c3718,0.00049004321269275
a6549,c1145396,0.00049004321269275
a6549,c3024814,0.00049004321269275
a6549,c3189970,0.00049004321269275
a6549,c213232,0.00049004321269275
a6549,c3385505,0.00049004321269275
a6549,c1791093,0.00049004321269275
a6549,c178948,0.00049004321269275
a6549,c3591862,0.00049004321269275
a6549,c1026525,0.00049004321269275
a6549,c2509247,0.00049004321269275
a6549,c1932070,0.00049004321269275
a6549,c3640556,0.00049004321269275
a6549,c705520,0.00049004321269275
a6549,c1539016,0.00049004321269275
a6549,c3189844,0.00049004321269275
a6549,c557565,0.00049004321269275
a6549,c705998,0.00049004321269275
a6549,c460917,0.00049004321269275
a6549,c55670,0.00049004321269275
a6549,c3826974,0.00049004321269275
a6549,c181602,0.00049004321269275
a6549,c374390,0.00049004321269275
a6549,c4098569,0.00049004321269275
a6549,c447731,0.00049004321269275
a6549,c721840,0.00049004321269275
a6549,c4437181,0.00049004321269275
a6549,c4453900,0.00049004321269275
a6549,c165097,0.00049004321269275
a6549,c4404271,0.00049004321269275
a6549,c1119689,0.00049004321269275
a6549,c1750652,0.00049004321269275
a6549,c1371945,0.00049004321269275
a6549,c1420127,0.00049004321269275
a6549,c3488052,0.00049004321269275
a6549,c1372299,0.00049004321269275
a6549,c256099,0.00049004321269275
a6549,c1184774,0.00049004321269275
a6549,c1711166,0.00049004321269275
a6549,c3734267,0.00049004321269275
a6549,c4982656,0.00049004321269275
a6549,c26268,0.00049004321269275
a6549,c280921,0.00049004321269275
a6549,c1528387,0.00049004321269275
a6549,c2599172,0.00049004321269275
a6549,c1421202,0.00049004321269275
a6549,c11047,0.00049004321269275
a6549,c360387,0.00049004321269275
a6549,c5253287,0.00049004321269275
a6549,c14746,0.00049004321269275
a6549,c36330,0.00049004321269275
a6549,c84323,0.00049004321269275
a6549,c1497007,0.00049004321269275
a6549,c3597614,0.00049004321269275
a6549,c844878,0.00049004321269275
a6549,c3009976,0.00049004321269275
a6549,c5365034,0.00049004321269275
a6549,c1424641,0.00049004321269275
a6549,c3632974,0.00049004321269275
a6549,c1420322,0.00049004321269275
a6549,c2,0.00049004321269275
a6549,c583499,0.00049004321269275
a6549,c3452128,0.00049004321269275
a6549,c1484338,0.00049004321269275
a6549,c1060352,0.00049004321269275
a6549,c5586392,0.00049004321269275
a6549,c548258,0.00049004321269275
a6549,c5628765,0.00049004321269275
a6549,c5639685,0.00049004321269275
a6549,c564798,0.00049004321269275
a6549,c228867,0.00049004321269275
a6549,c9191,0.00049004321269275
a6549,c106800,0.00049004321269275
a6549,c5907249,0.00049004321269275
a6549,c1777352,0.00049004321269275
a6549,c2478916,0.00049004321269275
a6549,c2998724,0.00049004321269275
a6549,c2824255,0.00049004321269275
a6549,c541508,0.00049004321269275
a6549,c845043,0.00049004321269275
a6549,c2763975,0.00049004321269275
a6549,c236128,0.00049004321269275
a6549,c1641796,0.00049004321269275
a6549,c890866,0.00049004321269275
a6549,c6430534,0.00049004321269275
a6549,c2879718,0.00049004321269275
a6549,c279848,0.00049004321269275
a6549,c301994,0.00049004321269275
a6549,c1040031,0.00049004321269275
a6549,c1999579,0.00049004321269275
a6549,c6479042,0.00049004321269275
a6549,c31283,0.00049004321269275
a6549,c6551517,0.00049004321269275
a6549,c6563276,0.00049004321269275
a6549,c298819,0.00049004321269275
a6549,c1198663,0.00049004321269275
a6549,c2492034,0.00049004321269275
a6549,c6601166,0.00049004321269275
a6549,c274189,0.00049004321269275
a6549,c310969,0.00049004321269275
a6549,c215455,0.00049004321269275
a6549,c140186,0.00049004321269275
a6549,c4091335,0.00049004321269275
a6549,c931014,0.00049004321269275
a6549,c352067,0.00049004321269275
a6549,c173831,0.00049004321269275
a6549,c6975806,0.00049004321269275
a6549,c3252601,0.00049004321269275
a6549,c6998262,0.00049004321269275
a6549,c7023985,0.00049004321269275
a6549,c818492,0.00049004321269275
a6549,c3513798,0.00049004321269275
a6549,c4466002,0.00049004321269275
a6549,c1433424,0.00049004321269275
a6549,c2512244,0.00049004321269275
a6549,c157826,0.00049004321269275
a6549,c135851,0.00049004321269275
a6549,c58156,0.00049004321269275
a6549,c238591,0.00049004321269275
a6549,c7239057,0.00049004321269275
a6549,c7247618,0.00049004321269275
a6549,c1184809,0.00049004321269275
a6549,c216783,0.00049004321269275
a6549,c1328551,0.00049004321269275
a6549,c1295728,0.00049004321269275
a6549,c548261,0.00049004321269275
a6549,c1565360,0.00049004321269275
a6549,c379345,0.00049004321269275
a6549,c1495693,0.00049004321269275
a6549,c54035,0.00049004321269275
a6549,c7348140,0.00049004321269275
a6549,c3851852,0.00049004321269275
a6549,c7351881,0.00049004321269275
a6549,c997152,0.00049004321269275
a6549,c894059,0.00049004321269275
a6549,c59206,0.00049004321269275
a6549,c988388,0.00049004321269275
a6549,c123213,0.00049004321269275
a6549,c336227,0.00049004321269275
a6549,c3580521,0.00049004321269275
a6549,c988692,0.00049004321269275
a6549,c449744,0.00049004321269275
a6549,c968500,0.00049004321269275
a6549,c7594129,0.00049004321269275
a6549,c163912,0.00049004321269275
a6549,c3082267,0.00049004321269275
a6549,c7692356,0.00049004321269275
a6549,c2383389,0.00049004321269275
a6549,c850889,0.00049004321269275
a6549,c78583,0.00049004321269275
a6549,c1805078,0.00049004321269275
a6549,c514817,0.00049004321269275
a6549,c1644603,0.00049004321269275
a6549,c447453,0.00049004321269275
a6549,c6796209,0.00049004321269275
a6549,c749247,0.00049004321269275
a6549,c165809,0.00049004321269275
a6549,c7807376,0.00049004321269275
a6549,c735294,0.00049004321269275
a6549,c1232782,0.00049004321269275
a6549,c7891289,0.00049004321269275
a6549,c1208401,0.00049004321269275
a6549,c1527688,0.00049004321269275
a6549,c601302,0.00049004321269275
a6549,c391492,0.00049004321269275
a6549,c51180,0.00049004321269275
a6549,c1567329,0.00049004321269275
a6549,c34893,0.00049004321269275
a6549,c1028616,0.00049004321269275
a6549,c586470,0.00049004321269275
a6549,c67879,0.00049004321269275
a6549,c1135200,0.00049004321269275
a6549,c8653,0.00049004321269275
a6549,c945825,0.00049004321269275
a6549,c830903,0.00049004321269275
a6549,c89804,0.00049004321269275
a6549,c146114,0.00049004321269275
a6549,c387453,0.00049004321269275
a6549,c1296186,0.00049004321269275
a6549,c359158,0.00049004321269275
a6549,c3976977,0.00049004321269275
a6549,c149995,0.00049004321269275
a6549,c577243,0.00049004321269275
a6549,c184336,0.00049004321269275
a6549,c272991,0.00049004321269275
a6549,c4865953,0.00049004321269275
a6549,c8486967,0.00049004321269275
a6549,c1082679,0.00049004321269275
a6549,c643639,0.00049004321269275
a6549,c510643,0.00049004321269275
a6549,c1021967,0.00049004321269275
a6549,c8226709,0.00049004321269275
a6549,c3480563,0.00049004321269275
a6549,c1071156,0.00049004321269275
a6549,c8142573,0.00049004321269275
a6549,c126593,0.00049004321269275
a6549,c356062,0.00049004321269275
a6549,c516851,0.00049004321269275
a6549,c31111,0.00049004321269275
a6549,c528415,0.00049004321269275
a6549,c8741177,0.00049004321269275
a6549,c404878,0.00049004321269275
a6549,c346916,0.00049004321269275
a6549,c8780373,0.00049004321269275
a6549,c423675,0.00049004321269275
a6549,c8384958,0.00049004321269275
a6549,c4901530,0.00049004321269275
a6549,c8814586,0.00049004321269275
a6549,c1558286,0.00049004321269275
a6549,c134372,0.00049004321269275
a6549,c225871,0.00049004321269275
a6549,c7686440,0.00049004321269275
a6549,c515081,0.00049004321269275
a6549,c331778,0.00049004321269275
a6549,c1553477,0.00049004321269275
a6549,c1005948,0.00049004321269275
a6549,c1071311,0.00049004321269275
a6549,c127630,0.00049004321269275
a6549,c877184,0.00049004321269275
a6549,c5405539,0.00049004321269275
a6549,c4198278,0.00049004321269275
a6549,c7149566,0.00049004321269275
a6549,c8194122,0.00049004321269275
a6549,c1008872,0.00049004321269275
a6549,c1942959,0.00049004321269275
a6549,c5360557,0.00049004321269275
a6549,c1247610,0.00049004321269275
a6549,c8882555,0.00049004321269275
a6549,c8756484,0.00049004321269275
a6549,c5339844,0.00049004321269275
a6549,c290913,0.00049004321269275
a6549,c8894735,0.00049004321269275
a6549,c336989,0.00049004321269275
a6549,c460052,0.00049004321269275
a6549,c10745,0.00049004321269275
a6549,c3966685,0.00049004321269275
a6549,c719547,0.00049004321269275
a6549,c2759303,0.00049004321269275
a6549,c1028623,0.00049004321269275
a6549,c7935091,0.00049004321269275
a6549,c67196,0.00049004321269275
a6549,c3887725,0.00049004321269275
a6549,c175893,0.00049004321269275
a6549,c970911,0.00049004321269275
a6549,c1478970,0.00049004321269275
a6549,c621199,0.00049004321269275
a6549,c3114315,0.00049004321269275
a6549,c5483326,0.00049004321269275
a6549,c1235333,0.00049004321269275
a6549,c257058,0.00049004321269275
a6549,c5126047,0.00049004321269275
a6549,c1201193,0.00049004321269275
a6549,c440468,0.00049004321269275
a6549,c34695,0.00049004321269275
a6549,c1159841,0.00049004321269275
a6549,c4374498,0.00049004321269275
a6549,c1326608,0.00049004321269275
a6549,c250661,0.00049004321269275
a6549,c771203,0.00049004321269275
a6549,c1097018,0.00049004321269275
a6549,c3415,0.00049004321269275
a6549,c1175807,0.00049004321269275
a6549,c1108765,0.00049004321269275
a6549,c474545,0.00049004321269275
a6549,c1043429,0.00049004321269275
a6549,c87237,0.00049004321269275
a6549,c4384778,0.00049004321269275
a6549,c91048,0.00049004321269275
a6549,c8964065,0.00049004321269275
a6549,c170017,0.00049004321269275
a6549,c4764519,0.00049004321269275
a6549,c828270,0.00049004321269275
a6549,c533193,0.00049004321269275
a6549,c47161,0.00049004321269275
a6549,c85278,0.00049004321269275
a6549,c2146211,0.00049004321269275
a6549,c519660,0.00049004321269275
a6549,c523275,0.00049004321269275
a6549,c1515817,0.00049004321269275
a6549,c776306,0.00049004321269275
a6549,c5482100,0.00049004321269275
a6549,c7098992,0.00049004321269275
a6549,c1274140,0.00049004321269275
a6549,c436491,0.00049004321269275
a6549,c9797320,0.00049004321269275
a6549,c7934302,0.00049004321269275
a6549,c58023,0.00049004321269275
a6549,c93547,0.00049004321269275
a6549,c3771673,0.00049004321269275
a6549,c17987,0.00049004321269275
a6549,c4139729,0.00049004321269275
a6549,c357362,0.00049004321269275
a6549,c23473,0.00049004321269275
a6549,c5275880,0.00049004321269275
a6549,c1626577,0.00049004321269275
a6549,c555328,0.00049004321269275
a6549,c2051485,0.00049004321269275
a6549,c69826,0.00049004321269275
a6549,c75794,0.00049004321269275
a6549,c370397,0.00049004321269275
a6549,c996132,0.00049004321269275
a6549,c259866,0.00049004321269275
a6549,c9906882,0.00049004321269275
a6549,c1338191,0.00049004321269275
a6549,c1564567,0.00049004321269275
a6549,c91507,0.00049004321269275
a6549,c1415431,0.00049004321269275
a6549,c34981,0.00049004321269275
a6549,c34348,0.00049004321269275
a6549,c212355,0.00049004321269275
a6549,c191526,0.00049004321269275
a6549,c230121,0.00049004321269275
a6549,c1303324,0.00049004321269275
a6549,c517573,0.00049004321269275
a6549,c695207,0.00049004321269275
a6549,c787086,0.00049004321269275
a6549,c5596025,0.00049004321269275
a6549,c122949,0.00049004321269275
a6549,c133040,0.00049004321269275
a6549,c5168965,0.00049004321269275
a6549,c29336,0.00049004321269275
a6549,c5706988,0.00049004321269275
a6549,c4243283,0.00049004321269275
a6549,c677286,0.00049004321269275
a6549,c882753,0.00049004321269275
a6549,c337109,0.00049004321269275
a7008,c7612,0.0008640052891671085
a7008,c106782,0.0005023198794824541
a7008,c25611,0.0004945728315467594
a7008,c1845666,0.0004936337954333419
a7008,c552621,0.0004920687352443126
a7008,c204200,0.0004913644581592495
a7008,c4716113,0.0004910514461214436
a7008,c1449161,0.0004908166870930893
a7008,c52964,0.0004906601810741862
a7008,c2281960,0.0004906601810741862
a7008,c86877,0.0004905036750552835
a7008,c1032611,0.0004905036750552835
a7008,c3528359,0.0004905036750552835
a7008,c1095964,0.0004903471690363805
a7008,c3576349,0.0004903471690363805
a7008,c4941950,0.0004903471690363805
a7008,c325647,0.0004903471690363805
a7008,c5861656,0.0004903471690363805
a7008,c6724977,0.0004903471690363805
a7008,c1037250,0.0004902689160269291
a7008,c2492042,0.0004902689160269291
a7008,c276157,0.0004902689160269291
a7008,c637860,0.0004902689160269291
a7008,c667582,0.0004902689160269291
a7008,c2254598,0.0004902689160269291
a7008,c63710,0.0004901906630174774
a7008,c1238095,0.0004901906630174774
a7008,c3413,0.0004901906630174774
a7008,c3589059,0.0004901906630174774
a7008,c432489,0.0004901906630174774
a7008,c1964739,0.0004901906630174774
a7008,c6789529,0.0004901906630174774
a7008,c7807905,0.0004901906630174774
a7008,c2365332,0.0004901202029730168
a7008,c7895,0.0004901124100080261
a7008,c2998633,0.0004901124100080261
a7008,c425322,0.0004901124100080261
a7008,c473949,0.0004901124100080261
a7008,c654131,0.0004901124100080261
a7008,c352005,0.0004901124100080261
a7008,c70262,0.0004901124100080261
a7008,c6593804,0.0004901124100080261
a7008,c3943843,0.0004901124100080261
a7008,c774476,0.0004900341569985746
a7008,c1211661,0.0004900341569985746
a7008,c2958038,0.0004900341569985746
a7008,c3411,0.0004900341569985746
a7008,c3525937,0.0004900341569985746
a7008,c3588463,0.0004900341569985746
a7008,c473952,0.0004900341569985746
a7008,c3621699,0.0004900341569985746
a7008,c47627,0.0004900341569985746
a7008,c1155782,0.0004900341569985746
a7008,c226933,0.0004900341569985746
a7008,c4079826,0.0004900341569985746
a7008,c655037,0.0004900341569985746
a7008,c4263863,0.0004900341569985746
a7008,c630209,0.0004900341569985746
a7008,c4414357,0.0004900341569985746
a7008,c4941893,0.0004900341569985746
a7008,c5405122,0.0004900341569985746
a7008,c887949,0.0004900341569985746
a7008,c5434222,0.0004900341569985746
a7008,c654200,0.0004900341569985746
a7008,c5498077,0.0004900341569985746
a7008,c129626,0.0004900341569985746
a7008,c5571897,0.0004900341569985746
a7008,c5581150,0.0004900341569985746
a7008,c293906,0.0004900341569985746
a7008,c5886200,0.0004900341569985746
a7008,c863015,0.0004900341569985746
a7008,c6447407,0.0004900341569985746
a7008,c1298771,0.0004900341569985746
a7008,c1193835,0.0004900341569985746
a7008,c5424695,0.0004900341569985746
a7008,c5840941,0.0004900341569985746
a7008,c1692147,0.0004900341569985746
a7008,c2261038,0.0004900341569985746
a7008,c4286413,0.0004900341569985746
a7008,c1062539,0.0004900341569985746
a7008,c7792052,0.0004900341569985746
a7008,c7916523,0.0004900341569985746
a7008,c8194543,0.0004900341569985746
a7008,c984261,0.0004900341569985746
a7008,c4517365,0.0004900341569985746
a7008,c8657444,0.0004900341569985746
a7008,c8667271,0.0004900341569985746
a7008,c723873,0.0004900341569985746
a7008,c3294655,0.0004900341569985746
a7008,c1726714,0.0004900341569985746
a7008,c1135141,0.0004900341569985746
a7008,c6524869,0.0004900341569985746
a7008,c491507,0.0004900341569985746
a7008,c3012040,0.0004900341569985746
a7008,c1036711,0.0004900341569985746
a7008,c8899151,0.0004900341569985746
a7008,c1461767,0.0004900341569985746
a7008,c3971091,0.0004900341569985746
a7008,c289812,0.0004900341569985746
a7008,c1074964,0.0004900341569985746
a7008,c9472263,0.0004900341569985746
a7008,c3599795,0.0004900341569985746
a7008,c1025282,0.0004900341569985746
a7008,c85236,0.0004900341569985746
a7008,c131449,0.0004900341569985746
a7008,c100056,0.0004900341569985746
a7008,c9760334,0.0004900341569985746
a7008,c7894487,0.0004900341569985746
a7008,c1585731,0.0004900341569985746
a7008,c61531,0.0004900341569985746
a7008,c476260,0.0004900341569985746
a7008,c131451,0.0004900341569985746
a7008,c1203034,0.0004900341569985746
a7008,c10051207,0.0004900341569985746
a7008,c476242,0.0004900341569985746
a7459,c8104,0.0008800710129841356
a7459,c531177,0.0004953229684402775
a7459,c33172,0.0004921786276507122
a7459,c208958,0.0004914196488394379
a7459,c1519355,0.0004913112232949703
a7459,c252335,0.0004910943722060347
a7459,c3146243,0.0004910943722060347
a7459,c3606522,0.0004910943722060347
a7459,c477232,0.0004908233083448652
a7459,c1046222,0.0004907690955726314
a7459,c333848,0.0004906606700281638
a7459,c1640423,0.0004906064572559297
a7459,c5200496,0.000490498031711462
a7459,c629672,0.0004903896061669941
a7459,c4944345,0.0004903896061669941
a7459,c741372,0.0004903353933947603
a7459,c5361042,0.0004902811806225264
a7459,c58095,0.0004902811806225264
a7459,c590445,0.0004902269678502925
a7459,c3003737,0.0004902269678502925
a7459,c3904783,0.0004902269678502925
a7459,c5866737,0.0004902269678502925
a7459,c226394,0.0004901727550780587
a7459,c407254,0.0004901727550780587
a7459,c3502640,0.0004901727550780587
a7459,c7911135,0.0004901727550780587
a7459,c3332092,0.0004901185423058249
a7459,c143016,0.0004901185423058249
a7459,c3708028,0.0004901185423058249
a7459,c3955213,0.0004901185423058249
a7459,c4068837,0.0004901185423058249
a7459,c137896,0.0004900643295335911
a7459,c1206324,0.0004900643295335911
a7459,c3184652,0.0004900643295335911
a7459,c3782526,0.0004900643295335911
a7459,c47359,0.0004900643295335911
a7459,c5374191,0.0004900643295335911
a7459,c387684,0.0004900643295335911
a7459,c1675725,0.0004900643295335911
a7459,c7177260,0.0004900643295335911
a7459,c886839,0.0004900643295335911
a7459,c8487381,0.0004900643295335911
a7459,c8743061,0.0004900643295335911
a7459,c8888690,0.0004900643295335911
a7459,c837511,0.0004900643295335911
a7459,c9963140,0.0004900643295335911
a7459,c973509,0.000490010116761357
a7459,c1050279,0.000490010116761357
a7459,c349810,0.000490010116761357
a7459,c3440448,0.000490010116761357
a7459,c949420,0.000490010116761357
a7459,c955691,0.000490010116761357
a7459,c661903,0.000490010116761357
a7459,c3457335,0.000490010116761357
a7459,c888863,0.000490010116761357
a7459,c4726505,0.000490010116761357
a7459,c2634550,0.000490010116761357
a7459,c4891336,0.000490010116761357
a7459,c6236881,0.000490010116761357
a7459,c6244936,0.000490010116761357
a7459,c3744886,0.000490010116761357
a7459,c218398,0.000490010116761357
a7459,c61108,0.000490010116761357
a7459,c1968937,0.000490010116761357
a7459,c227080,0.000490010116761357
a7459,c195050,0.000490010116761357
a7459,c949406,0.000490010116761357
a7459,c692629,0.000490010116761357
a7459,c4057732,0.000490010116761357
a7459,c128675,0.000490010116761357
a7459,c1148603,0.000490010116761357
a7459,c48038,0.000490010116761357
a7459,c117546,0.000490010116761357
a7459,c8415261,0.000490010116761357
a7459,c8664743,0.000490010116761357
a7459,c8839150,0.000490010116761357
a7459,c8888684,0.000490010116761357
a7459,c2263608,0.000490010116761357
a7459,c6487,0.000490010116761357
a7459,c666731,0.000490010116761357
a7459,c710337,0.000490010116761357
a7459,c5135594,0.000490010116761357
a7459,c229288,0.000490010116761357
a7459,c136643,0.000490010116761357
a7459,c4172988,0.000490010116761357
a7459,c8720977,0.000490010116761357
a7459,c3018387,0.000490010116761357
a7459,c7345035,0.000490010116761357
a7459,c6517291,0.000490010116761357
a7459,c3192069,0.000490010116761357
a7459,c3805875,0.000490010116761357
a7459,c7699608,0.000490010116761357
a7459,c271755,0.000490010116761357
a7459,c10000780,0.000490010116761357
a7459,c958883,0.000490010116761357
a34964,c411902,0.0006187068373532356
a34964,c25210,0.000510814993752024
a34964,c822434,0.0005029029252212685
a34964,c5109,0.0005007450883492443
a34964,c5594017,0.0004985872514772201
a34964,c73704,0.0004971486935625373
a34964,c315792,0.0004971486935625373
a34964,c678903,0.0004957101356478546
a34964,c326604,0.0004957101356478546
a34964,c154306,0.0004957101356478546
a34964,c212001,0.000494990856690513
a34964,c1223815,0.000494990856690513
a34964,c841069,0.0004942715777331715
a34964,c615853,0.0004942715777331715
a34964,c6634417,0.0004942715777331715
a34964,c857389,0.0004935522987758302
a34964,c17590,0.0004935522987758302
a34964,c29221,0.0004935522987758302
a34964,c1051151,0.0004935522987758302
a34964,c38274,0.0004928330198184889
a34964,c29229,0.0004928330198184889
a34964,c4442526,0.0004928330198184889
a34964,c129170,0.0004928330198184889
a34964,c5193664,0.0004928330198184889
a34964,c502516,0.0004921137408611475
a34964,c106496,0.0004921137408611475
a34964,c232363,0.0004921137408611475
a34964,c4296418,0.0004921137408611475
a34964,c10978,0.0004921137408611475
a34964,c1323898,0.0004921137408611475
a34964,c5735211,0.0004921137408611475
a34964,c686625,0.0004913944619038059
a34964,c266079,0.0004913944619038059
a34964,c657817,0.0004913944619038059
a34964,c146951,0.0004913944619038059
a34964,c3868544,0.0004913944619038059
a34964,c1272,0.0004913944619038059
a34964,c1071294,0.0004913944619038059
a34964,c38314,0.0004913944619038059
a34964,c6133661,0.0004913944619038059
a34964,c6660815,0.0004913944619038059
a34964,c25657,0.0004913944619038059
a34964,c1099488,0.0004913944619038059
a34964,c289599,0.0004913944619038059
a34964,c8291170,0.0004913944619038059
a34964,c3490986,0.0004913944619038059
a34964,c32917,0.0004906751829464645
a34964,c549219,0.0004906751829464645
a34964,c585965,0.0004906751829464645
a34964,c672553,0.0004906751829464645
a34964,c1099487,0.0004906751829464645
a34964,c562136,0.0004906751829464645
a34964,c1468185,0.0004906751829464645
a34964,c1599635,0.0004906751829464645
a34964,c264270,0.0004906751829464645
a34964,c76688,0.0004906751829464645
a34964,c478839,0.0004906751829464645
a34964,c2613745,0.0004906751829464645
a34964,c316433,0.0004906751829464645
a34964,c3587935,0.0004906751829464645
a34964,c4587,0.0004906751829464645
a34964,c3674774,0.0004906751829464645
a34964,c370685,0.0004906751829464645
a34964,c3739986,0.0004906751829464645
a34964,c2562899,0.0004906751829464645
a34964,c3035727,0.0004906751829464645
a34964,c4062525,0.0004906751829464645
a34964,c2521909,0.0004906751829464645
a34964,c3980682,0.0004906751829464645
a34964,c4180635,0.0004906751829464645
a34964,c47005,0.0004906751829464645
a34964,c903283,0.0004906751829464645
a34964,c168549,0.0004906751829464645
a34964,c780431,0.0004906751829464645
a34964,c4671160,0.0004906751829464645
a34964,c311061,0.0004906751829464645
a34964,c70085,0.0004906751829464645
a34964,c5014606,0.0004906751829464645
a34964,c5061188,0.0004906751829464645
a34964,c822756,0.0004906751829464645
a34964,c5092736,0.0004906751829464645
a34964,c168199,0.0004906751829464645
a34964,c5163071,0.0004906751829464645
a34964,c650536,0.0004906751829464645
a34964,c88747,0.0004906751829464645
a34964,c2439944,0.0004906751829464645
a34964,c942338,0.0004906751829464645
a34964,c3588079,0.0004906751829464645
a34964,c73244,0.0004906751829464645
a34964,c3792378,0.0004906751829464645
a34964,c125705,0.0004906751829464645
a34964,c1459168,0.0004906751829464645
a34964,c5586195,0.0004906751829464645
a34964,c5597253,0.0004906751829464645
a34964,c5775524,0.0004906751829464645
a34964,c5916975,0.0004906751829464645
a34964,c17301,0.0004906751829464645
a34964,c274368,0.0004906751829464645
a34964,c6243485,0.0004906751829464645
a34964,c1030780,0.0004906751829464645
a34964,c6305316,0.0004906751829464645
a34964,c2120363,0.0004906751829464645
a34964,c1153841,0.0004906751829464645
a34964,c6616124,0.0004906751829464645
a34964,c64090,0.0004906751829464645
a34964,c1952382,0.0004906751829464645
a34964,c1968964,0.0004906751829464645
a34964,c6886457,0.0004906751829464645
a34964,c6887606,0.0004906751829464645
a34964,c5513303,0.0004906751829464645
a34964,c733716,0.0004906751829464645
a34964,c1030199,0.0004906751829464645
a34964,c7130877,0.0004906751829464645
a34964,c7201811,0.0004906751829464645
a34964,c5078023,0.0004906751829464645
a34964,c930969,0.0004906751829464645
a34964,c1273943,0.0004906751829464645
a34964,c7310687,0.0004906751829464645
a34964,c4803683,0.0004906751829464645
a34964,c1277710,0.0004906751829464645
a34964,c66401,0.0004906751829464645
a34964,c7465924,0.0004906751829464645
a34964,c786544,0.0004906751829464645
a34964,c717777,0.0004906751829464645
a34964,c1899884,0.0004906751829464645
a34964,c1172657,0.0004906751829464645
a34964,c101085,0.0004906751829464645
a34964,c5592334,0.0004906751829464645
a34964,c399559,0.0004906751829464645
a34964,c1639951,0.0004906751829464645
a34964,c33365,0.0004906751829464645
a34964,c1021739,0.0004906751829464645
a34964,c6694668,0.0004906751829464645
a34964,c81790,0.0004906751829464645
a34964,c4190919,0.0004906751829464645
a34964,c2780107,0.0004906751829464645
a34964,c242175,0.0004906751829464645
a34964,c2860863,0.0004906751829464645
a34964,c7969837,0.0004906751829464645
a34964,c6584502,0.0004906751829464645
a34964,c899295,0.0004906751829464645
a34964,c1631247,0.0004906751829464645
a34964,c516759,0.0004906751829464645
a34964,c5380889,0.0004906751829464645
a34964,c1883800,0.0004906751829464645
a34964,c1403567,0.0004906751829464645
a34964,c8692997,0.0004906751829464645
a34964,c1329895,0.0004906751829464645
a34964,c3826059,0.0004906751829464645
a34964,c587365,0.0004906751829464645
a34964,c187908,0.0004906751829464645
a34964,c8839366,0.0004906751829464645
a34964,c3598902,0.0004906751829464645
a34964,c23027,0.0004906751829464645
a34964,c3576650,0.0004906751829464645
a34964,c7265219,0.0004906751829464645
a34964,c108232,0.0004906751829464645
a34964,c880120,0.0004906751829464645
a34964,c8942676,0.0004906751829464645
a34964,c69953,0.0004906751829464645
a34964,c105863,0.0004906751829464645
a34964,c8997469,0.0004906751829464645
a34964,c9065382,0.0004906751829464645
a34964,c531473,0.0004906751829464645
a34964,c9348361,0.0004906751829464645
a34964,c9362006,0.0004906751829464645
a34964,c569821,0.0004906751829464645
a34964,c669666,0.0004906751829464645
a34964,c504065,0.0004906751829464645
a34964,c650223,0.0004906751829464645
a34964,c6571306,0.0004906751829464645
a34964,c702350,0.0004906751829464645
a34964,c228987,0.0004906751829464645
a34964,c156962,0.0004906751829464645
a34964,c4887857,0.0004906751829464645
a34964,c1146701,0.0004906751829464645
a34964,c877267,0.0004906751829464645
a34964,c130273,0.0004906751829464645
a34964,c56498,0.0004906751829464645
a34964,c1742023,0.0004906751829464645
a34964,c9663310,0.0004906751829464645
a34964,c9683071,0.0004906751829464645
a34964,c2983469,0.0004906751829464645
a34964,c1117935,0.0004906751829464645
a34964,c509,0.0004906751829464645
a34964,c159823,0.0004906751829464645
a34964,c9272755,0.0004906751829464645
a34964,c4117163,0.0004906751829464645
a34964,c460080,0.0004906751829464645
a34964,c9892199,0.0004906751829464645
a34964,c234983,0.0004906751829464645
a34964,c198275,0.0004906751829464645
a34964,c83772,0.0004906751829464645
a34964,c216675,0.0004906751829464645
a34964,c5296030,0.0004906751829464645
a34964,c821282,0.0004906751829464645
a34964,c23703,0.0004906751829464645
a34964,c10039611,0.0004906751829464645
a34964,c3914453,0.0004906751829464645
a34964,c3488781,0.0004906751829464645
a34964,c652328,0.0004906751829464645
a34964,c767650,0.0004906751829464645
a34964,c3003734,0.0004906751829464645
a34964,c10181292,0.0004906751829464645
a34964,c8072656,0.0004906751829464645
a41907,c385153,0.0008033761482154069
a41907,c623671,0.0005071296160015223
a41907,c3267,0.0005028361879984225
a41907,c1418836,0.0005028361879984225
a41907,c50852,0.0004985427599953226
a41907,c45951,0.000494249331992223
a41907,c1479885,0.000494249331992223
a41907,c1662739,0.000494249331992223
a41907,c1072292,0.000494249331992223
a41907,c124468,0.000494249331992223
a41907,c897151,0.000494249331992223
a41907,c5687613,0.000494249331992223
a41907,c147335,0.000494249331992223
a41907,c899261,0.000494249331992223
a41907,c3368829,0.000494249331992223
a41907,c618830,0.000494249331992223
a41907,c329468,0.000494249331992223
a43525,c47600,0.0009039146376266711
a43525,c782763,0.0004909991467654275
a43525,c7768836,0.0004905818496549058
a43525,c5095333,0.000490164552544384
a43525,c7172952,0.000490164552544384
a43525,c8572415,0.000490164552544384
a43525,c63355,0.000490164552544384
a43653,c47729,0.0008823255474459608
a43653,c163205,0.000493483788941257
a43653,c1547534,0.00049322565101793
a43653,c920689,0.0004915047315290843
a43653,c3779373,0.0004912465936057575
a43653,c7904724,0.0004912465936057575
a43653,c4212004,0.0004909024097079883
a43653,c22171,0.0004907303177591037
a43653,c1518271,0.0004905582258102191
a43653,c2389031,0.0004905582258102191
a43653,c2050518,0.0004903861338613346
a43653,c1940938,0.0004903000878868924
a43653,c2474732,0.0004903000878868924
a43653,c7464,0.0004902140419124502
a43653,c761215,0.0004902140419124502
a43653,c1025280,0.0004902140419124502
a43653,c792864,0.0004902140419124502
a43653,c969872,0.0004902140419124502
a43653,c4941954,0.0004902140419124502
a43653,c724287,0.0004902140419124502
a43653,c1547341,0.0004902140419124502
a43653,c1382730,0.0004901279959380077
a43653,c2154636,0.0004901279959380077
a43653,c2237754,0.0004901279959380077
a43653,c1486945,0.0004901279959380077
a43653,c2958035,0.0004901279959380077
a43653,c872025,0.0004901279959380077
a43653,c3553342,0.0004901279959380077
a43653,c12388,0.0004901279959380077
a43653,c5037923,0.0004901279959380077
a43653,c529590,0.0004901279959380077
a43653,c5294708,0.0004901279959380077
a43653,c7229600,0.0004901279959380077
a43653,c7853693,0.0004901279959380077
a43653,c609131,0.0004901279959380077
a43653,c984040,0.0004901279959380077
a43653,c2365332,0.0004901202029730168
a43653,c1122741,0.0004900419499635654
a43653,c2496241,0.0004900419499635654
a43653,c3193295,0.0004900419499635654
a43653,c3826253,0.0004900419499635654
a43653,c4159328,0.0004900419499635654
a43653,c4785298,0.0004900419499635654
a43653,c5252212,0.0004900419499635654
a43653,c5297946,0.0004900419499635654
a43653,c484481,0.0004900419499635654
a43653,c5434223,0.0004900419499635654
a43653,c5645184,0.0004900419499635654
a43653,c352006,0.0004900419499635654
a43653,c4699959,0.0004900419499635654
a43653,c6933824,0.0004900419499635654
a43653,c7115365,0.0004900419499635654
a43653,c4785762,0.0004900419499635654
a43653,c7490067,0.0004900419499635654
a43653,c697867,0.0004900419499635654
a43653,c7831687,0.0004900419499635654
a43653,c3730794,0.0004900419499635654
a43653,c3575289,0.0004900419499635654
a43653,c7891122,0.0004900419499635654
a43653,c3913714,0.0004900419499635654
a43653,c1337976,0.0004900419499635654
a43653,c1519351,0.0004900419499635654
a43653,c7172951,0.0004900419499635654
a43653,c8223479,0.0004900419499635654
a43653,c182634,0.0004900419499635654
a43653,c8657445,0.0004900419499635654
a43653,c8667270,0.0004900419499635654
a43653,c590575,0.0004900419499635654
a43653,c3059607,0.0004900419499635654
a43653,c8794789,0.0004900419499635654
a43653,c4199605,0.0004900419499635654
a43653,c3639520,0.0004900419499635654
a43653,c88785,0.0004900419499635654
a43653,c6081113,0.0004900419499635654
a43653,c2833310,0.0004900419499635654
a43653,c9497953,0.0004900419499635654
a43653,c375828,0.0004900419499635654
a43653,c2740380,0.0004900419499635654
a43653,c1531418,0.0004900419499635654
a43653,c2993861,0.0004900419499635654
a43653,c126650,0.0004900419499635654
a43653,c1648576,0.0004900419499635654
a43653,c1987076,0.0004900419499635654
a43653,c457736,0.0004900419499635654
a43653,c874105,0.0004900419499635654
a43653,c5466833,0.0004900419499635654
a43653,c2830881,0.0004900419499635654
a43653,c1222297,0.0004900419499635654
a67731,c58077,0.0006762680823341633
a67731,c919753,0.0006050310729669422
a67731,c44607,0.0005713702035301623
a67731,c675027,0.0005337940635997208
a67731,c420598,0.0005063952138430973
a67731,c806027,0.000495435673940448
a67731,c61332,0.000495435673940448
a67731,c8701576,0.000495435673940448
a67731,c420590,0.000495435673940448
a67731,c399408,0.000495435673940448
a67731,c9644362,0.000495435673940448
a67731,c812350,0.000495435673940448
a67731,c7949620,0.000495435673940448
a91518,c101866,0.0009040249575524412
a91518,c7475217,0.0004923493667264834
a118521,c132552,0.0008940787901771885
a118521,c1815410,0.0004961257190454296
a118521,c3475109,0.0004914983577531997
a118521,c693712,0.0004914983577531997
a118521,c8831079,0.0004914983577531997
a118521,c1428981,0.0004914983577531997
a377091,c433046,0.0008583650530243385
a377091,c447604,0.0005059736930776108
a377091,c549330,0.0005059736930776108
a377091,c9708552,0.0005059736930776108
a411189,c147035,0.0005382414131254337
a411189,c69507,0.0005322057244833949
a411189,c428648,0.0005322057244833949
a411189,c356514,0.0005261700358413561
a411189,c724731,0.0005140986585572783
a411189,c2148977,0.0005140986585572783
a411189,c1153222,0.0005080629699152396
a411189,c472526,0.0005020272812732009
a411189,c36137,0.000495991592631162
a411189,c50106,0.000495991592631162
a411189,c5314613,0.000495991592631162
a411189,c5448089,0.000495991592631162
a411189,c193214,0.000495991592631162
a411189,c6581839,0.000495991592631162
a411189,c6697971,0.000495991592631162
a411189,c1284280,0.000495991592631162
a411189,c7232264,0.000495991592631162
a411189,c274954,0.000495991592631162
a411189,c2808865,0.000495991592631162
a411189,c302921,0.000495991592631162
a411189,c32366,0.000495991592631162
a411189,c1098327,0.000495991592631162
a411189,c356521,0.000495991592631162
a411189,c7907246,0.000495991592631162
a411189,c8420437,0.000495991592631162
a411189,c505768,0.000495991592631162
a411189,c5282181,0.000495991592631162
a411189,c8858357,0.000495991592631162
a411189,c370029,0.000495991592631162
a411189,c9678052,0.000495991592631162
a411189,c2663680,0.000495991592631162
a411189,c1069524,0.000495991592631162
a411189,c25593,0.000495991592631162
a411189,c5286812,0.000495991592631162
a411189,c1170592,0.000495991592631162
a411189,c1175147,0.000495991592631162
a752362,c874060,0.000812567712391057
a752362,c114680,0.0005251499194511523
a752362,c438021,0.0004958215732327946
a752362,c43689,0.0004958215732327946
a752362,c211849,0.0004958215732327946
a752362,c1617007,0.0004958215732327946
a752362,c2553181,0.0004958215732327946
a752362,c351546,0.0004958215732327946
a752362,c9652274,0.0004958215732327946
a752362,c1227827,0.0004958215732327946
a752362,c53630,0.0004958215732327946
a752362,c212204,0.0004958215732327946
a2478802,c960394,0.0009064184202898014
a2478803,c2975493,0.0007849501863687702
a2478803,c396147,0.0005767189282184311
a2478803,c3515594,0.0005073085088349848
a2478803,c398513,0.0005073085088349848
a3397319,c3982605,0.0006501337948739994
a3397319,c281379,0.0006180982166970241
a3397319,c281374,0.0005860626385200489
a3397319,c6672851,0.0005219914821660984
a8739039,c1657702,0.0009064184202898014
